cutoff,target,horizon,model,y_true,point,q10,q90
2017-12-29,2018-01-02,1,naive,6.28,6.27,4.930080234135665,7.609919765864334
2017-12-29,2018-01-02,1,ar1_t,6.28,6.480968714700692,5.2700723172663,7.6799196227681215
2017-12-29,2018-01-02,1,ou_t,6.28,6.219557735223471,4.750220961066215,7.688894509380729
2017-12-29,2018-01-08,5,naive,6.75,6.27,3.2738483191317442,9.266151680868255
2017-12-29,2018-01-08,5,ar1_t,6.75,6.432000496870701,4.088080235288004,8.610818064670644
2017-12-29,2018-01-08,5,ou_t,6.75,6.031085718083124,2.91642358393964,9.14574785222661
2017-12-29,2018-01-30,20,naive,3.14,6.27,0.2776966382634889,12.26230336173651
2017-12-29,2018-01-30,20,ar1_t,3.14,6.431568776763148,1.5581255172203314,10.383832858057003
2017-12-29,2018-01-30,20,ou_t,3.14,5.483012645075782,0.2934693004631299,10.672555989688437
2017-12-29,2018-01-30,20,futures_1m,3.14,6.18,0.2776966382634889,12.26230336173651
2018-01-31,2018-02-01,1,naive,2.68,2.96,1.6256277460628157,4.294372253937184
2018-01-31,2018-02-01,1,ar1_t,2.68,3.0162686200640896,1.835466567604455,4.172153506711907
2018-01-31,2018-02-01,1,ou_t,2.68,2.9973095991333603,1.531652979556048,4.4629662187106725
2018-01-31,2018-02-07,5,naive,3.83,2.96,-0.02374706709315566,5.943747067093156
2018-01-31,2018-02-07,5,ar1_t,3.83,3.002995918972656,0.733201435014295,5.140976456505686
2018-01-31,2018-02-07,5,ou_t,3.83,3.13552889426202,0.048861171227363887,6.222196617296676
2018-01-31,2018-03-01,20,naive,3.25,2.96,-3.0074941341863113,8.927494134186311
2018-01-31,2018-03-01,20,ar1_t,3.25,3.0028679509279925,-1.8542727086478523,6.857814188272152
2018-01-31,2018-03-01,20,ou_t,3.25,3.5251456586129217,-1.5169335744479717,8.567224891673815
2018-01-31,2018-03-01,20,futures_1m,3.25,4.32,-3.0074941341863113,8.927494134186311
2018-03-02,2018-03-05,1,naive,3.29,3.07,1.7404461928580248,4.399553807141975
2018-03-02,2018-03-05,1,ar1_t,3.29,3.1266401470910643,1.9305253535131426,4.249302681924396
2018-03-02,2018-03-05,1,ou_t,3.29,3.105139041891824,1.6509763679227722,4.559301715860876
2018-03-02,2018-03-09,5,naive,3.17,3.07,0.09702730748689792,6.042972692513102
2018-03-02,2018-03-09,5,ar1_t,3.17,3.1132161625053496,0.8062192181304301,5.304890979993808
2018-03-02,2018-03-09,5,ou_t,3.17,3.2324137157313357,0.22178199777103114,6.243045433691641
2018-03-02,2018-04-03,20,naive,5.61,3.07,-2.875945385026204,9.015945385026203
2018-03-02,2018-04-03,20,ar1_t,5.61,3.11308324940123,-1.610589008391993,6.951083529575756
2018-03-02,2018-04-03,20,ou_t,5.61,3.5630634715669927,-1.1186654030445768,8.244792346178563
2018-03-02,2018-04-03,20,futures_1m,5.61,3.12,-2.875945385026204,9.015945385026203
2018-04-04,2018-04-05,1,naive,3.01,2.69,1.3587735322345311,4.0212264677654685
2018-04-04,2018-04-05,1,ar1_t,3.01,3.6277469890103373,2.4674731287435656,4.75539690170605
2018-04-04,2018-04-05,1,ou_t,3.01,2.740716736716583,1.2787390095959925,4.202694463837173
2018-04-04,2018-04-11,5,naive,5.93,2.69,-0.28671287537052104,5.666712875370521
2018-04-04,2018-04-11,5,ar1_t,5.93,3.4022226779263485,1.09859691564551,5.5028376770206515
2018-04-04,2018-04-11,5,ou_t,5.93,2.923396355118665,-0.09083272413104337,5.937625434368374
2018-04-04,2018-05-02,20,naive,5.23,2.69,-3.263425750741042,8.643425750741041
2018-04-04,2018-05-02,20,ar1_t,5.23,3.399798028574135,-1.1808348641413884,7.452687936402767
2018-04-04,2018-05-02,20,ou_t,5.23,3.3886138130996217,-1.2454085503873982,8.022636176586643
2018-04-04,2018-05-02,20,futures_1m,5.23,4.65,-3.263425750741042,8.643425750741041
2018-05-03,2018-05-04,1,naive,5.04,5.0,3.664526634985788,6.335473365014212
2018-05-03,2018-05-04,1,ar1_t,5.04,5.073200692371374,3.884001569999461,6.240048917284617
2018-05-03,2018-05-04,1,ou_t,5.04,4.953638106307144,3.4866294909045994,6.42064672170969
2018-05-03,2018-05-11,5,naive,6.68,5.0,2.0137907736878313,7.986209226312169
2018-05-03,2018-05-11,5,ar1_t,6.68,5.0557094245243475,2.7311598874614624,7.2764941048249625
2018-05-03,2018-05-11,5,ou_t,6.68,4.787268922132073,1.771123761434235,7.803414082829912
2018-05-03,2018-06-04,20,naive,8.65,5.0,-0.9724184526243373,10.972418452624337
2018-05-03,2018-06-04,20,ar1_t,8.65,5.055528102893908,0.601231662950302,9.065509697050176
2018-05-03,2018-06-04,20,ou_t,8.65,4.369230911999438,-0.23281038117015562,8.971272205169033
2018-05-03,2018-06-04,20,futures_1m,8.65,5.19,-0.9724184526243373,10.972418452624337
2018-06-05,2018-06-06,1,naive,8.48,7.4,6.071830197653762,8.728169802346239
2018-06-05,2018-06-06,1,ar1_t,8.48,7.801743422443483,6.625688018111918,8.940105469579981
2018-06-05,2018-06-06,1,ou_t,8.48,7.25461616513363,5.794047450000988,8.715184880266271
2018-06-05,2018-06-12,5,naive,8.48,7.4,4.430122036291351,10.36987796370865
2018-06-05,2018-06-12,5,ar1_t,8.48,7.705072415202428,5.430280857836854,9.882870384453584
2018-06-05,2018-06-12,5,ou_t,8.48,6.732012436625661,3.7252599530162733,9.738764920235049
2018-06-05,2018-07-03,20,naive,1.68,7.4,1.460244072582701,13.3397559274173
2018-06-05,2018-07-03,20,ar1_t,1.68,7.704029833666308,3.2097472042376145,11.881888071051671
2018-06-05,2018-07-03,20,ou_t,1.68,5.410781223414199,0.8072373261616974,10.014325120666701
2018-06-05,2018-07-03,20,futures_1m,1.68,9.86,1.460244072582701,13.3397559274173
2018-07-05,2018-07-06,1,naive,1.2,4.04,2.6898236657608114,5.390176334239189
2018-07-05,2018-07-06,1,ar1_t,1.2,3.3430914004973324,2.1476868249352794,4.5086789717597
2018-07-05,2018-07-06,1,ou_t,1.2,4.035876181580267,2.535090223791321,5.536662139369215
2018-07-05,2018-07-12,5,naive,1.83,4.04,1.0209139350296974,7.059086064970303
2018-07-05,2018-07-12,5,ar1_t,1.83,3.5007632266201494,1.1268492430086317,5.643420041368153
2018-07-05,2018-07-12,5,ou_t,1.83,4.021087209826354,0.9369448587694875,7.105229560883222
2018-07-05,2018-08-02,20,naive,4.0,4.04,-1.9981721299406052,10.078172129940604
2018-07-05,2018-08-02,20,ar1_t,4.0,3.5019713866969866,-1.1426080049130036,7.789317700555259
2018-07-05,2018-08-02,20,ou_t,4.0,3.984010250092307,-0.7158645895192595,8.683885089703875
2018-07-05,2018-08-02,20,futures_1m,4.0,4.45,-1.9981721299406052,10.078172129940604
2018-08-03,2018-08-06,1,naive,3.5,3.99,2.614525454752937,5.365474545247063
2018-08-03,2018-08-06,1,ar1_t,3.5,3.9931074949605323,2.8012994857908056,5.177912249622355
2018-08-03,2018-08-06,1,ou_t,3.5,3.9895467427967723,2.453883838356595,5.52520964723695
2018-08-03,2018-08-10,5,naive,3.39,3.99,0.9143454155069559,7.0656545844930445
2018-08-03,2018-08-10,5,ar1_t,3.39,3.9923776469356103,1.7428978263877233,6.2243892036868935
2018-08-03,2018-08-10,5,ou_t,3.39,3.987927842615906,0.8416430504965575,7.134212634735255
2018-08-03,2018-08-31,20,naive,7.1,3.99,-2.1613091689860884,10.141309168986089
2018-08-03,2018-08-31,20,ar1_t,7.1,3.992370777154346,-0.6454388155310178,8.393174263611796
2018-08-03,2018-08-31,20,ou_t,7.1,3.9839275367905675,-0.7722688025429627,8.7401238761241
2018-08-03,2018-08-31,20,futures_1m,7.1,4.72,-2.1613091689860884,10.141309168986089
2018-09-04,2018-09-05,1,naive,7.99,7.69,6.315500350470346,9.064499649529655
2018-09-04,2018-09-05,1,ar1_t,7.99,7.504663024734384,6.266711712424758,8.646832245138924
2018-09-04,2018-09-05,1,ou_t,7.99,7.525813735656047,5.979956523895067,9.071670947417026
2018-09-04,2018-09-11,5,naive,8.93,7.69,4.616525348602058,10.763474651397942
2018-09-04,2018-09-11,5,ar1_t,8.93,7.548534683037342,5.2517854757800855,9.828167884312242
2018-09-04,2018-09-11,5,ou_t,8.93,6.9388260380257885,3.76939196774942,10.108260108302158
2018-09-04,2018-10-02,20,naive,10.47,7.69,1.543050697204115,13.836949302795887
2018-09-04,2018-10-02,20,ar1_t,10.47,7.5489660768342945,2.7044509165674735,11.797191413964436
2018-09-04,2018-10-02,20,ou_t,10.47,5.483405403323413,0.6831634841207768,10.28364732252605
2018-09-04,2018-10-02,20,futures_1m,10.47,8.3,1.543050697204115,13.836949302795887
2018-10-03,2018-10-04,1,naive,11.63,9.05,7.690904146491226,10.409095853508775
2018-10-03,2018-10-04,1,ar1_t,11.63,9.498795596022354,8.331804909528225,10.684767289053582
2018-10-03,2018-10-04,1,ou_t,11.63,8.84002050555633,7.312676814539369,10.367364196573291
2018-10-03,2018-10-10,5,naive,10.64,9.05,6.0109692836162845,12.089030716383718
2018-10-03,2018-10-10,5,ar1_t,10.64,9.392091708524157,7.026689744536591,11.57473930389945
2018-10-03,2018-10-10,5,ou_t,10.64,8.084933018489794,4.9398289263292074,11.23003711065038
2018-10-03,2018-10-31,20,naive,9.53,9.05,2.971938567232568,15.128061432767433
2018-10-03,2018-10-31,20,ar1_t,9.53,9.391016292870743,4.762385355083748,13.63416486678899
2018-10-03,2018-10-31,20,ou_t,9.53,6.173361513556756,1.3543201805854714,10.99240284652804
2018-10-03,2018-10-31,20,futures_1m,9.53,9.88,2.971938567232568,15.128061432767433
2018-11-01,2018-11-02,1,naive,7.99,7.58,6.219551463985469,8.940448536014532
2018-11-01,2018-11-02,1,ar1_t,7.99,8.198022618703536,6.977413701711478,9.373903289249027
2018-11-01,2018-11-02,1,ou_t,7.99,7.430158535242464,5.897004702730457,8.963312367754472
2018-11-01,2018-11-08,5,naive,8.58,7.58,4.537944593581436,10.622055406418564
2018-11-01,2018-11-08,5,ar1_t,8.58,8.050789425785238,5.747971994354089,10.272883319831498
2018-11-01,2018-11-08,5,ou_t,8.58,6.891345428012531,3.734354498778773,10.048336357246288
2018-11-01,2018-12-03,20,naive,7.19,7.58,1.4958891871628728,13.664110812837126
2018-11-01,2018-12-03,20,ar1_t,7.19,8.049288742851608,3.5389253048260203,12.276677701223285
2018-11-01,2018-12-03,20,ou_t,7.19,5.527451996096055,0.6905176989756834,10.364386293216427
2018-11-01,2018-12-03,20,futures_1m,7.19,11.81,1.4958891871628728,13.664110812837126
2018-12-04,2018-12-05,1,naive,8.76,8.01,6.658292278927204,9.361707721072795
2018-12-04,2018-12-05,1,ar1_t,8.76,7.74684746294251,6.533083123693,8.847664360815006
2018-12-04,2018-12-05,1,ou_t,8.76,7.811190473680385,6.299832950235034,9.322547997125737
2018-12-04,2018-12-11,5,naive,8.08,8.01,4.987489649969904,11.032510350030096
2018-12-04,2018-12-11,5,ar1_t,8.08,7.810102414142471,5.482017813537662,9.900800959620021
2018-12-04,2018-12-11,5,ou_t,8.08,7.106889876842539,4.0291474936996465,10.184632259985431
2018-12-04,2019-01-08,20,naive,7.33,8.01,1.9649792999398068,14.055020700060194
2018-12-04,2019-01-08,20,ar1_t,7.33,7.810780524463913,3.0819302962047463,11.827010923666743
2018-12-04,2019-01-08,20,ou_t,7.33,5.416488612660962,0.836754721204362,9.996222504117563
2018-12-04,2019-01-08,20,futures_1m,7.33,8.83,1.9649792999398068,14.055020700060194
2019-01-09,2019-01-10,1,naive,8.05,7.27,5.907511381514643,8.632488618485356
2019-01-09,2019-01-10,1,ar1_t,8.05,7.29001033321001,6.096145291625289,8.415108583233732
2019-01-09,2019-01-10,1,ou_t,8.05,7.085426464337682,5.575158847624904,8.59569408105046
2019-01-09,2019-01-16,5,naive,7.73,7.27,4.223382830496965,10.316617169503033
2019-01-09,2019-01-16,5,ar1_t,7.73,7.285067723681231,5.028079268447426,9.46112387498306
2019-01-09,2019-01-16,5,ou_t,7.73,6.4406389961436386,3.396621367699764,9.484656624587515
2019-01-09,2019-02-07,20,naive,8.33,7.27,1.1767656609939312,13.363234339006068
2019-01-09,2019-02-07,20,ar1_t,8.33,7.2850058116756164,2.6271106358871767,11.38701400223791
2019-01-09,2019-02-07,20,ou_t,8.33,4.967685820891501,0.5530384728816635,9.38233316890134
2019-01-09,2019-02-07,20,futures_1m,8.33,9.08,1.1767656609939312,13.363234339006068
2019-02-08,2019-02-11,1,naive,8.87,8.62,7.262670734288819,9.977329265711179
2019-02-08,2019-02-11,1,ar1_t,8.87,8.52262032001126,7.396391074975522,9.670198680782043
2019-02-08,2019-02-11,1,ou_t,8.87,8.326757388708298,6.833420900822023,9.820093876594575
2019-02-08,2019-02-15,5,naive,10.07,8.62,5.5849194940199265,11.655080505980072
2019-02-08,2019-02-15,5,ar1_t,10.07,8.54678843837739,6.2678551451376565,10.703923109558001
2019-02-08,2019-02-15,5,ou_t,10.07,7.319876992654427,4.347583840536365,10.29217014477249
2019-02-08,2019-03-11,20,naive,8.27,8.62,2.5498389880398538,14.690161011960145
2019-02-08,2019-03-11,20,ar1_t,8.27,8.547099668242346,3.894676955156514,12.665596697647711
2019-02-08,2019-03-11,20,ou_t,8.27,5.154615787214891,0.9696375015978971,9.339594072831886
2019-02-08,2019-03-11,20,futures_1m,8.27,9.38,2.5498389880398538,14.690161011960145
2019-03-12,2019-03-13,1,naive,7.62,8.44,7.081863299431316,9.798136700568683
2019-03-12,2019-03-13,1,ar1_t,7.62,8.382343341100782,7.174973623777078,9.539138327465496
2019-03-12,2019-03-13,1,ou_t,7.62,8.173053326874285,6.677650311686775,9.668456342061797
2019-03-12,2019-03-19,5,naive,8.01,8.44,5.4031140147911465,11.476885985208853
2019-03-12,2019-03-19,5,ar1_t,8.01,8.396752344907481,6.1416264847696755,10.5733938945962
2019-03-12,2019-03-19,5,ou_t,8.01,7.250914275653981,4.261449069967233,10.24037948134073
2019-03-12,2019-04-09,20,naive,6.97,8.44,2.3662280295822935,14.513771970417706
2019-03-12,2019-04-09,20,ar1_t,6.97,8.396945551005246,3.944717842221819,12.687765436684813
2019-03-12,2019-04-09,20,ou_t,6.97,5.2256917752578165,0.9738827360163143,9.477500814499319
2019-03-12,2019-04-09,20,futures_1m,6.97,9.8,2.3662280295822935,14.513771970417706
2019-04-10,2019-04-11,1,naive,7.69,7.01,5.6568368393149155,8.363163160685083
2019-04-10,2019-04-11,1,ar1_t,7.69,6.996158818060588,5.846500946620691,8.088118089316158
2019-04-10,2019-04-11,1,ou_t,7.69,6.82786132451932,5.3330976044645935,8.322625044574048
2019-04-10,2019-04-17,5,naive,7.4,7.01,3.9842351880596807,10.035764811940318
2019-04-10,2019-04-17,5,ar1_t,7.4,6.9996660162197575,4.8252378746116875,9.215128388757304
2019-04-10,2019-04-17,5,ou_t,7.4,6.1978331099304915,3.206712484780157,9.188953735080826
2019-04-10,2019-05-09,20,naive,9.03,7.01,0.9584703761193616,13.061529623880638
2019-04-10,2019-05-09,20,ar1_t,9.03,6.999717029654658,2.614526484305547,11.272790800457424
2019-04-10,2019-05-09,20,ou_t,9.03,4.807608696293615,0.5436843417352533,9.071533050851977
2019-04-10,2019-05-09,20,futures_1m,9.03,7.12,0.9584703761193616,13.061529623880638
2019-05-10,2019-05-13,1,naive,11.38,9.98,8.623863903551287,11.336136096448714
2019-05-10,2019-05-13,1,ar1_t,11.38,9.648458849943568,8.47425507067382,10.771099718998688
2019-05-10,2019-05-13,1,ou_t,11.38,9.641352200127733,8.135788291392188,11.146916108863277
2019-05-10,2019-05-17,5,naive,11.17,9.98,6.947587501599465,13.012412498400536
2019-05-10,2019-05-17,5,ar1_t,11.17,9.73295789145618,7.510372839029929,11.86469153367345
2019-05-10,2019-05-17,5,ou_t,11.17,8.464708223835727,5.442157142552595,11.487259305118858
2019-05-10,2019-06-10,20,naive,10.98,9.98,3.9151750031989296,16.044824996801072
2019-05-10,2019-06-10,20,ar1_t,10.98,9.73423021546088,5.360801377883258,14.104180642805398
2019-05-10,2019-06-10,20,ou_t,10.98,5.827398282223043,1.485431160184337,10.169365404261749
2019-05-10,2019-06-10,20,futures_1m,10.98,8.96,3.9151750031989296,16.044824996801072
2019-06-11,2019-06-12,1,naive,10.53,10.26,8.897357544050879,11.622642455949121
2019-06-11,2019-06-12,1,ar1_t,10.53,10.510735613738966,9.392780675144719,11.685547293435814
2019-06-11,2019-06-12,1,ou_t,10.53,9.930321862639484,8.412219545329249,11.448424179949722
2019-06-11,2019-06-18,5,naive,9.49,10.26,7.213038839470503,13.306961160529497
2019-06-11,2019-06-18,5,ar1_t,9.49,10.446924498749146,8.268384628522435,12.63063094051045
2019-06-11,2019-06-18,5,ou_t,9.49,8.775716675778334,5.710238905249593,11.841194446307076
2019-06-11,2019-07-11,20,naive,7.71,10.26,4.166077678941005,16.353922321058995
2019-06-11,2019-07-11,20,ar1_t,7.71,10.445971998155589,6.0989213235147215,14.755318529488004
2019-06-11,2019-07-11,20,ou_t,7.71,6.114588988118112,1.6486740783745333,10.580503897861693
2019-06-11,2019-07-11,20,futures_1m,7.71,9.02,4.166077678941005,16.353922321058995
2019-07-12,2019-07-15,1,naive,7.56,6.66,5.29062698148627,8.02937301851373
2019-07-12,2019-07-15,1,ar1_t,7.56,7.0301791336828785,5.900804209655309,8.139835392374456
2019-07-12,2019-07-15,1,ou_t,7.56,6.517317523400756,4.9918813056825515,8.042753741118961
2019-07-12,2019-07-19,5,naive,5.62,6.66,3.5979888440492194,9.722011155950781
2019-07-12,2019-07-19,5,ar1_t,5.62,6.9351801161396915,4.717900725936486,9.115532751653449
2019-07-12,2019-07-19,5,ou_t,5.62,6.01802919283692,2.939628594879069,9.096429790794772
2019-07-12,2019-08-09,20,naive,2.96,6.66,0.5359776880984386,12.784022311901563
2019-07-12,2019-08-09,20,ar1_t,2.96,6.933689481000214,2.4523444188430523,10.960002511608149
2019-07-12,2019-08-09,20,ou_t,2.96,4.870651784973006,0.39263674843693774,9.348666821509077
2019-07-12,2019-08-09,20,futures_1m,2.96,6.51,0.5359776880984386,12.784022311901563
2019-08-12,2019-08-13,1,naive,2.85,2.15,0.7689873883834846,3.5310126116165153
2019-08-12,2019-08-13,1,ar1_t,2.85,2.430029978710406,1.2600565251390143,3.6117282903287755
2019-08-12,2019-08-13,1,ou_t,2.85,2.249422857861404,0.7019714651199158,3.796874250602893
2019-08-12,2019-08-19,5,naive,3.55,2.15,-0.9380380773590442,5.238038077359044
2019-08-12,2019-08-19,5,ar1_t,3.55,2.3591176071630184,0.05304155928821975,4.476766582204931
2019-08-12,2019-08-19,5,ou_t,3.55,2.596606097307745,-0.5214385195175217,5.714650714133013
2019-08-12,2019-09-10,20,naive,7.3,2.15,-4.026076154718089,8.326076154718088
2019-08-12,2019-09-10,20,ar1_t,7.3,2.3580899489469633,-2.078464690042523,6.603221083118639
2019-08-12,2019-09-10,20,ou_t,7.3,3.388590599048955,-1.130181048837609,7.907362246935521
2019-08-12,2019-09-10,20,futures_1m,7.3,3.64,-4.026076154718089,8.326076154718088
2019-09-11,2019-09-12,1,naive,5.63,7.36,5.989764596945171,8.73023540305483
2019-09-11,2019-09-12,1,ar1_t,5.63,7.338901731363896,6.188966693408205,8.485197772033347
2019-09-11,2019-09-12,1,ou_t,5.63,7.1851568371802665,5.658992487829718,8.711321186530814
2019-09-11,2019-09-18,5,naive,6.1,7.36,4.296060493592578,10.423939506407422
2019-09-11,2019-09-18,5,ar1_t,6.1,7.344306670312359,5.134306010804731,9.475307248939451
2019-09-11,2019-09-18,5,ou_t,6.1,6.572631166524911,3.4901847502556174,9.655077582794203
2019-09-11,2019-10-09,20,naive,7.07,7.36,1.232120987185156,13.487879012814844
2019-09-11,2019-10-09,20,ar1_t,7.07,7.344390590102622,3.063760962552319,11.674611009434738
2019-09-11,2019-10-09,20,ou_t,7.07,5.159369153584292,0.6662675842650128,9.652470722903569
2019-09-11,2019-10-09,20,futures_1m,7.07,5.06,1.232120987185156,13.487879012814844
2019-10-10,2019-10-11,1,naive,5.83,5.51,4.147758763698777,6.872241236301223
2019-10-10,2019-10-11,1,ar1_t,5.83,6.061067070061807,4.945034755727881,7.226177916420999
2019-10-10,2019-10-11,1,ou_t,5.83,5.435093320991037,3.9272505123488504,6.942936129633223
2019-10-10,2019-10-17,5,naive,5.46,5.51,2.46393599387711,8.55606400612289
2019-10-10,2019-10-17,5,ar1_t,5.46,5.919457944605166,3.7808934371687766,8.12609107318482
2019-10-10,2019-10-17,5,ou_t,5.46,5.172446731796239,2.125070265544331,8.219823198048147
2019-10-10,2019-11-07,20,naive,5.69,5.51,-0.5821280122457795,11.602128012245778
2019-10-10,2019-11-07,20,ar1_t,5.69,5.9172180560726275,1.6792415899690918,10.196278651032287
2019-10-10,2019-11-07,20,ou_t,5.69,4.564599834960401,0.11567046051387297,9.01352920940693
2019-10-10,2019-11-07,20,futures_1m,5.69,5.55,-0.5821280122457795,11.602128012245778
2019-11-08,2019-11-12,1,naive,5.52,4.98,3.6475687979361915,6.312431202063809
2019-11-08,2019-11-12,1,ar1_t,5.52,5.233383902739323,4.107210560055453,6.36622489427855
2019-11-08,2019-11-12,1,ou_t,5.52,4.934578069053843,3.4626020454752604,6.406554092632426
2019-11-08,2019-11-18,5,naive,6.0,4.98,2.0005932568435654,7.9594067431564355
2019-11-08,2019-11-18,5,ar1_t,6.0,5.167821309825955,2.9481151875541163,7.405303554773335
2019-11-08,2019-11-18,5,ou_t,6.0,4.774439833565557,1.7875371170338443,7.761342550097271
2019-11-08,2019-12-10,20,naive,7.35,4.98,-0.9788134863128697,10.93881348631287
2019-11-08,2019-12-10,20,ar1_t,7.35,5.166740270655687,0.7354325814569758,9.180090857186219
2019-11-08,2019-12-10,20,ou_t,7.35,4.396591663425326,-0.008031867577975582,8.801215194428629
2019-11-08,2019-12-10,20,futures_1m,7.35,5.27,-0.9788134863128697,10.93881348631287
2019-12-11,2019-12-12,1,naive,7.49,6.63,5.307009541873299,7.952990458126701
2019-12-11,2019-12-12,1,ar1_t,7.49,6.888024218466824,5.753222628595743,8.04206434322551
2019-12-11,2019-12-12,1,ou_t,7.49,6.509861575121457,5.041842950158858,7.977880200084057
2019-12-11,2019-12-18,5,naive,8.19,6.63,3.671703402045107,9.588296597954892
2019-12-11,2019-12-18,5,ar1_t,8.19,6.821074526464964,4.727484229105338,8.884307532923637
2019-12-11,2019-12-18,5,ou_t,8.19,6.084908215091179,3.0987868159412293,9.07102961424113
2019-12-11,2020-01-10,20,naive,7.75,6.63,0.713406804090214,12.546593195909786
2019-12-11,2020-01-10,20,ar1_t,7.75,6.819951775796095,2.6513621071743345,10.96497130229164
2019-12-11,2020-01-10,20,ou_t,7.75,5.070466591323109,0.639826217969194,9.501106964677025
2019-12-11,2020-01-10,20,futures_1m,7.75,4.96,0.713406804090214,12.546593195909786
2020-01-13,2020-01-14,1,naive,6.11,5.97,4.662830844574601,7.2771691554253986
2020-01-13,2020-01-14,1,ar1_t,6.11,6.597048948922103,5.457128996771526,7.665945317216692
2020-01-13,2020-01-14,1,ou_t,6.11,5.888149001792446,4.44070666659796,7.335591336986932
2020-01-13,2020-01-21,5,naive,5.41,5.97,3.04708091037782,8.892919089622179
2020-01-13,2020-01-21,5,ar1_t,5.41,6.436215002344413,4.363578097586881,8.500182967416658
2020-01-13,2020-01-21,5,ou_t,5.41,5.597459673777979,2.64442084458238,8.550498502973578
2020-01-13,2020-02-11,20,naive,4.0,5.97,0.1241618207556403,11.81583817924436
2020-01-13,2020-02-11,20,ar1_t,4.0,6.433699389501129,2.3890561198223166,10.488104340376392
2020-01-13,2020-02-11,20,ou_t,4.0,4.893560566942466,0.4784446436102545,9.308676490274678
2020-01-13,2020-02-11,20,futures_1m,4.0,6.12,0.1241618207556403,11.81583817924436
2020-02-12,2020-02-13,1,naive,4.93,4.41,3.126524051763376,5.693475948236625
2020-02-12,2020-02-13,1,ar1_t,4.93,4.268781495625572,3.225325753598722,5.354479903387801
2020-02-12,2020-02-13,1,ou_t,4.93,4.405426843303016,2.9800055175126254,5.830848169093407
2020-02-12,2020-02-20,5,naive,5.8,4.41,1.5400605322569074,7.279939467743093
2020-02-12,2020-02-20,5,ar1_t,5.8,4.304451532178654,2.2355981302063106,6.402479632040793
2020-02-12,2020-02-20,5,ou_t,5.8,4.389173062099483,1.479406496137556,7.298939628061412
2020-02-12,2020-03-12,20,naive,-0.54,4.41,-1.3298789354861853,10.149878935486186
2020-02-12,2020-03-12,20,ar1_t,-0.54,4.30496073462329,0.32166309942521526,8.221999459608849
2020-02-12,2020-03-12,20,ou_t,-0.54,4.34970734814643,-0.007118850861338011,8.7065335471542
2020-02-12,2020-03-12,20,futures_1m,-0.54,4.62,-1.3298789354861853,10.149878935486186
2020-03-13,2020-03-16,1,naive,-0.98,0.53,-0.7118703836625111,1.7718703836625112
2020-03-13,2020-03-16,1,ar1_t,-0.98,0.1784853461433859,-0.90552112704378,1.2311346164344739
2020-03-13,2020-03-16,1,ou_t,-0.98,0.6932328594504722,-0.6632468828004527,2.0497126017013976
2020-03-13,2020-03-20,5,naive,6.07,0.53,-2.246906597113119,3.3069065971131195
2020-03-13,2020-03-20,5,ar1_t,6.07,0.26439605915838954,-1.7674976475973287,2.2463360594677804
2020-03-13,2020-03-20,5,ou_t,6.07,1.2732032143594285,-1.4951680003657448,4.041574429084602
2020-03-13,2020-04-14,20,naive,1.59,0.53,-5.023813194226238,6.083813194226239
2020-03-13,2020-04-14,20,ar1_t,1.59,0.26540851054506165,-3.881392151649788,4.137251647205435
2020-03-13,2020-04-14,20,ou_t,1.59,2.6798119529976248,-1.462734566692938,6.822358472688189
2020-03-13,2020-04-14,20,futures_1m,1.59,2.12,-5.023813194226238,6.083813194226239
2020-04-15,2020-04-16,1,naive,-1.13,-0.16,-1.5221568939753047,1.202156893975305
2020-04-15,2020-04-16,1,ar1_t,-1.13,0.4118606999197051,-0.6649415791666633,1.5006190316246917
2020-04-15,2020-04-16,1,ou_t,-1.13,0.056263423415027436,-1.4927052162616132,1.605232063091669
2020-04-15,2020-04-22,5,naive,0.13,-0.16,-3.2058754109487553,2.885875410948755
2020-04-15,2020-04-22,5,ar1_t,0.13,0.272620784933746,-1.887774150203876,2.4084892865191097
2020-04-15,2020-04-22,5,ou_t,0.13,0.8140928595115815,-2.3150085766960125,3.943194295719177
2020-04-15,2020-05-14,20,naive,2.47,-0.16,-6.25175082189751,5.93175082189751
2020-04-15,2020-05-14,20,ar1_t,2.47,0.2710147566997342,-3.774910263890399,4.58272325654294
2020-04-15,2020-05-14,20,ou_t,2.47,2.5642107037613986,-1.9990347284699768,7.127456135992776
2020-04-15,2020-05-14,20,futures_1m,2.47,7.82,-6.25175082189751,5.93175082189751
2020-05-15,2020-05-18,1,naive,1.47,1.51,-1.5417462216156521,4.561746221615652
2020-05-15,2020-05-18,1,ar1_t,1.47,1.9368906831041985,0.8886080536283736,3.082583895259673
2020-05-15,2020-05-18,1,ou_t,1.47,2.0199778281734946,-0.9501310250081891,4.990086681355178
2020-05-15,2020-05-22,5,naive,0.31,1.51,-5.313912001610737,8.333912001610736
2020-05-15,2020-05-22,5,ar1_t,0.31,1.8106297160130307,-0.25355093458429545,4.004450079010699
2020-05-15,2020-05-22,5,ou_t,0.31,3.2214932626254766,-1.449538270430856,7.892524795681808
2020-05-15,2020-06-15,20,naive,2.37,1.51,-12.137824003221473,15.157824003221473
2020-05-15,2020-06-15,20,ar1_t,2.37,1.8054919398613944,-2.436988158492645,6.221086672623842
2020-05-15,2020-06-15,20,ou_t,2.37,4.02042672319979,-0.9201086969807228,8.960962143380304
2020-05-15,2020-06-15,20,futures_1m,2.37,3.07,-12.137824003221473,15.157824003221473
2020-06-16,2020-06-17,1,naive,2.56,2.49,-0.5608457125901167,5.540845712590118
2020-06-16,2020-06-17,1,ar1_t,2.56,2.4365267104822306,1.370303533465275,3.5971669153082924
2020-06-16,2020-06-17,1,ou_t,2.56,2.789189825890064,-0.19224732796408928,5.770626979744217
2020-06-16,2020-06-23,5,naive,2.32,2.49,-4.331898402215287,9.311898402215288
2020-06-16,2020-06-23,5,ar1_t,2.32,2.4523599717552043,0.42879951449579057,4.612902735829146
2020-06-16,2020-06-23,5,ou_t,2.32,3.4981119739822297,-1.2048831202708037,8.201107068235263
2020-06-16,2020-07-15,20,naive,2.76,2.49,-11.153796804430574,16.133796804430574
2020-06-16,2020-07-15,20,ar1_t,2.76,2.4530099011299025,-1.6926050169470508,6.737092062537529
2020-06-16,2020-07-15,20,ou_t,2.76,3.977079189411426,-1.0049126745704031,8.959071053393256
2020-06-16,2020-07-15,20,futures_1m,2.76,2.58,-11.153796804430574,16.133796804430574
2020-07-16,2020-07-17,1,naive,2.98,2.97,-0.07778540572536663,6.017785405725367
2020-07-16,2020-07-17,1,ar1_t,2.98,2.876347185490376,1.833206727426282,4.008323255700881
2020-07-16,2020-07-17,1,ou_t,2.98,3.1782346524510237,0.1927930070300783,6.1636762978719695
2020-07-16,2020-07-23,5,naive,1.97,2.97,-3.845055348033696,9.785055348033696
2020-07-16,2020-07-23,5,ar1_t,1.97,2.904089114749097,0.9257797825040947,5.014254030147186
2020-07-16,2020-07-23,5,ou_t,1.97,3.6706908850996163,-1.0338135380283493,8.375195308227582
2020-07-16,2020-08-13,20,naive,2.61,2.97,-10.660110696067392,16.600110696067393
2020-07-16,2020-08-13,20,ar1_t,2.61,2.905231658648295,-1.1472345851647519,7.278343164246504
2020-07-16,2020-08-13,20,ou_t,2.61,4.001615379155288,-0.9793617471961023,8.982592505506679
2020-07-16,2020-08-13,20,futures_1m,2.61,2.62,-10.660110696067392,16.600110696067393
2020-08-14,2020-08-17,1,naive,2.02,2.81,-0.23023814709180046,5.850238147091801
2020-08-14,2020-08-17,1,ar1_t,2.02,2.7205842962103235,1.613386056530596,3.7451326938772374
2020-08-14,2020-08-17,1,ou_t,2.02,3.0380808331784324,0.04861987470291451,6.027541791653951
2020-08-14,2020-08-21,5,naive,1.62,2.81,-3.988179164685271,9.608179164685271
2020-08-14,2020-08-21,5,ar1_t,1.62,2.747105827224191,0.7448486447516678,4.864095811862482
2020-08-14,2020-08-21,5,ou_t,1.62,3.5781861128337153,-1.1359572131585605,8.292329438825993
2020-08-14,2020-09-15,20,naive,1.25,2.81,-10.786358329370541,16.40635832937054
2020-08-14,2020-09-15,20,ar1_t,1.25,2.7482095072811665,-1.3343742900986812,7.106550238342988
2020-08-14,2020-09-15,20,ou_t,1.25,3.942479174213158,-1.050499553874368,8.935457902300687
2020-08-14,2020-09-15,20,futures_1m,1.25,2.79,-10.786358329370541,16.40635832937054
2020-09-16,2020-09-17,1,naive,1.36,1.06,-1.9804754866253051,4.100475486625305
2020-09-16,2020-09-17,1,ar1_t,1.36,1.1450343780943621,0.10517549505678721,2.231341933035239
2020-09-16,2020-09-17,1,ou_t,1.36,1.6257583461623373,-1.3752208078090935,4.626737500133768
2020-09-16,2020-09-23,5,naive,1.17,1.06,-5.738709872015935,7.858709872015934
2020-09-16,2020-09-23,5,ar1_t,1.17,1.119798470877634,-0.8163939095648926,3.2149500360194025
2020-09-16,2020-09-23,5,ou_t,1.17,2.969108160053292,-1.76996137909111,7.708177699197694
2020-09-16,2020-10-14,20,naive,0.95,1.06,-12.537419744031869,14.65741974403187
2020-09-16,2020-10-14,20,ar1_t,0.95,1.1187436751377178,-2.736405357697843,5.648763441379608
2020-09-16,2020-10-14,20,ou_t,0.95,3.882041824241523,-1.1410442554873033,8.90512790397035
2020-09-16,2020-10-14,20,futures_1m,0.95,2.06,-12.537419744031869,14.65741974403187
2020-10-15,2020-10-16,1,naive,0.64,0.77,-2.2635670539888912,3.8035670539888913
2020-10-15,2020-10-16,1,ar1_t,0.64,0.8504601333908022,-0.15978142798332964,1.926590022442076
2020-10-15,2020-10-16,1,ou_t,0.64,1.3843109094297446,-1.6250489951276115,4.393670813987102
2020-10-15,2020-10-22,5,naive,0.82,0.77,-6.013262147022935,7.553262147022936
2020-10-15,2020-10-22,5,ar1_t,0.82,0.8265970864343908,-1.1862021473390245,2.875214508833829
2020-10-15,2020-10-22,5,ou_t,0.82,2.8503835583454267,-1.9148161426254608,7.615583259316316
2020-10-15,2020-11-12,20,naive,1.26,0.77,-12.796524294045872,14.336524294045871
2020-10-15,2020-11-12,20,ar1_t,1.26,0.8256047574452646,-2.9873665464744787,5.378922606375107
2020-10-15,2020-11-12,20,ou_t,1.26,3.861064837332458,-1.1969028137396447,8.919032488404563
2020-10-15,2020-11-12,20,futures_1m,1.26,2.2,-12.796524294045872,14.336524294045871
2020-11-13,2020-11-16,1,naive,1.57,1.58,-1.449810511908339,4.609810511908339
2020-11-13,2020-11-16,1,ar1_t,1.57,1.4369609152604443,0.40889155210637823,2.490408422188189
2020-11-13,2020-11-16,1,ou_t,1.57,2.02638638501989,-0.9913947219372634,5.044167491977045
2020-11-13,2020-11-20,5,naive,1.8,1.58,-5.194862263570483,8.354862263570483
2020-11-13,2020-11-20,5,ar1_t,1.8,1.4793835887190752,-0.4618704282794377,3.595125835637291
2020-11-13,2020-11-20,5,ou_t,1.8,3.0971666666830746,-1.6944745635192762,7.888807896885427
2020-11-13,2020-12-15,20,naive,3.19,1.58,-11.969724527140967,15.129724527140967
2020-11-13,2020-12-15,20,ar1_t,3.19,1.4811476482585424,-2.4864998084056213,5.728833855745039
2020-11-13,2020-12-15,20,ou_t,3.19,3.8460611217219096,-1.2474293833630217,8.939551626806843
2020-11-13,2020-12-15,20,futures_1m,3.19,2.65,-11.969724527140967,15.129724527140967
2020-12-16,2020-12-17,1,naive,2.86,2.97,-0.053730748796672945,5.993730748796674
2020-12-16,2020-12-17,1,ar1_t,2.86,3.068687686474517,2.0985950098258166,4.089873858093949
2020-12-16,2020-12-17,1,ou_t,2.86,3.149400646413799,0.12884143478317434,6.1699598580444235
2020-12-16,2020-12-23,5,naive,3.11,2.97,-3.791267499965701,9.731267499965702
2020-12-16,2020-12-23,5,ar1_t,3.11,3.039364605913851,1.1014987376900156,5.084587183395424
2020-12-16,2020-12-23,5,ou_t,3.11,3.5795694500629103,-1.2154489564547037,8.374587856580524
2020-12-16,2021-01-15,20,naive,2.55,2.97,-10.552534999931401,16.4925349999314
2020-12-16,2021-01-15,20,ar1_t,2.55,3.0381271651924315,-0.6751986373855042,7.5302737949071
2020-12-16,2021-01-15,20,ou_t,2.55,3.880084911902461,-1.2164025028516763,8.976572326656598
2020-12-16,2021-01-15,20,futures_1m,2.55,3.26,-10.552534999931401,16.4925349999314
2021-01-19,2021-01-20,1,naive,2.5,2.51,-0.5116188666877055,5.531618866687705
2021-01-19,2021-01-20,1,ar1_t,2.5,2.5279782384990694,1.5363344276780049,3.519258386988472
2021-01-19,2021-01-20,1,ou_t,2.5,2.7868762374184444,-0.2328846097779862,5.806637084614875
2021-01-19,2021-01-26,5,naive,2.65,2.51,-4.246545188009584,9.266545188009584
2021-01-19,2021-01-26,5,ar1_t,2.65,2.5226309370571145,0.6540769401300836,4.556717160873247
2021-01-19,2021-01-26,5,ou_t,2.65,3.4480918282740713,-1.3352841211719406,8.231467777720084
2021-01-19,2021-02-17,20,naive,3.93,2.51,-11.003090376019168,16.02309037601917
2021-01-19,2021-02-17,20,ar1_t,3.93,2.5224034375171343,-1.239595149417375,6.940979852518776
2021-01-19,2021-02-17,20,ou_t,3.93,3.904778592588955,-1.1734431073159515,8.983000292493863
2021-01-19,2021-02-17,20,futures_1m,3.93,2.92,-11.003090376019168,16.02309037601917
2021-02-18,2021-02-19,1,naive,3.72,3.69,0.6724812897511776,6.707518710248822
2021-02-18,2021-02-19,1,ar1_t,3.72,3.7979750783960604,2.8429150845191926,4.787725545084401
2021-02-18,2021-02-19,1,ou_t,3.72,3.7501940560658262,0.7446049367941625,6.75578317533749
2021-02-18,2021-02-25,5,naive,3.26,3.69,-3.0573769594938587,10.437376959493859
2021-02-18,2021-02-25,5,ar1_t,3.26,3.7658435173016005,1.813258348668189,5.787449027907888
2021-02-18,2021-02-25,5,ou_t,3.26,3.892032992742255,-0.8351639872682881,8.619229972752798
2021-02-18,2021-03-18,20,naive,2.16,3.69,-9.804753918987718,17.184753918987717
2021-02-18,2021-03-18,20,ar1_t,2.16,3.7644708958576825,0.00520558015297884,8.112758118163503
2021-02-18,2021-03-18,20,ou_t,2.16,3.9863858609234666,-1.0137511221536184,8.986522844000552
2021-02-18,2021-03-18,20,futures_1m,2.16,3.41,-9.804753918987718,17.184753918987717
2021-03-19,2021-03-22,1,naive,2.41,2.57,-0.4443511146653383,5.584351114665338
2021-03-19,2021-03-22,1,ar1_t,2.41,2.385261545505166,1.4446913905461822,3.3905968534811444
2021-03-19,2021-03-22,1,ou_t,2.41,2.858896293508238,-0.14356205006175315,5.861354637078229
2021-03-19,2021-03-26,5,naive,2.84,2.57,-4.17029400044396,9.310294000443958
2021-03-19,2021-03-26,5,ar1_t,2.84,2.440279972347116,0.5819207005094806,4.42909567414638
2021-03-19,2021-03-26,5,ou_t,2.84,3.5383259639827385,-1.1791389929370295,8.255790920902507
2021-03-19,2021-04-20,20,naive,2.73,2.57,-10.910588000887918,16.050588000887917
2021-03-19,2021-04-20,20,ar1_t,2.73,2.4426452665727725,-1.2479727731160812,6.659846841066959
2021-03-19,2021-04-20,20,ou_t,2.73,3.9878557289119896,-0.999431519512743,8.975142977336724
2021-03-19,2021-04-20,20,futures_1m,2.73,3.11,-10.910588000887918,16.050588000887917
2021-04-21,2021-04-22,1,naive,3.62,2.68,-0.33251164734817573,5.6925116473481765
2021-04-21,2021-04-22,1,ar1_t,3.62,2.702540264336609,1.764961762348478,3.692947861921188
2021-04-21,2021-04-22,1,ou_t,3.62,2.958668040412089,-0.04107662756507846,5.9584127083892575
2021-04-21,2021-04-28,5,naive,3.27,2.68,-4.056180826480395,9.416180826480396
2021-04-21,2021-04-28,5,ar1_t,3.27,2.69582564577136,0.8247386309116227,4.624237780484235
2021-04-21,2021-04-28,5,ou_t,3.27,3.6095463173800146,-1.0866546703454754,8.305747305105506
2021-04-21,2021-05-20,20,naive,3.23,2.68,-10.79236165296079,16.152361652960792
2021-04-21,2021-05-20,20,ar1_t,3.23,2.695536379577728,-1.05411493157702,6.973748920669973
2021-04-21,2021-05-20,20,ou_t,3.23,4.03199686893949,-0.923943551463454,8.987937289342433
2021-04-21,2021-05-20,20,futures_1m,3.23,3.97,-10.79236165296079,16.152361652960792
2021-05-21,2021-05-24,1,naive,2.46,3.11,0.10038876752981762,6.119611232470183
2021-05-21,2021-05-24,1,ar1_t,2.46,3.16421520409553,2.263803780557945,4.162107666530851
2021-05-21,2021-05-24,1,ou_t,2.46,3.3129491280194423,0.32405319777322417,6.301845058265661
2021-05-21,2021-05-28,5,naive,3.05,3.11,-3.619695301650251,9.83969530165025
2021-05-21,2021-05-28,5,ar1_t,3.05,3.1480465447686203,1.3159964035228495,5.094107992291604
2021-05-21,2021-05-28,5,ou_t,3.05,3.783801110564453,-0.8790653144843477,8.446667535613255
2021-05-21,2021-06-21,20,naive,0.85,3.11,-10.349390603300503,16.5693906033005
2021-05-21,2021-06-21,20,ar1_t,0.85,3.1473436044716676,-0.2565421820486941,7.369964487273079
2021-05-21,2021-06-21,20,ou_t,0.85,4.083757201909504,-0.8287066243745222,8.996221028193531
2021-05-21,2021-06-21,20,futures_1m,0.85,2.86,-10.349390603300503,16.5693906033005
2021-06-22,2021-06-23,1,naive,2.11,1.77,-1.2361411066181955,4.776141106618196
2021-06-22,2021-06-23,1,ar1_t,2.11,1.354927562712266,0.46550788517077096,2.2939365620910896
2021-06-22,2021-06-23,1,ou_t,2.11,2.2607063914910133,-0.7176122794201878,5.239025062402215
2021-06-22,2021-06-29,5,naive,2.24,1.77,-4.951935864354729,8.491935864354728
2021-06-22,2021-06-29,5,ar1_t,2.24,1.4786263737467555,-0.32237496324511455,3.363462088263282
2021-06-22,2021-06-29,5,ou_t,2.24,3.3912690803278993,-1.2383659668074465,8.020904127463247
2021-06-22,2021-07-21,20,naive,2.28,1.77,-11.673871728709457,15.213871728709456
2021-06-22,2021-07-21,20,ar1_t,2.28,1.4839731260919686,-2.003380555253367,5.808363202451545
2021-06-22,2021-07-21,20,ou_t,2.28,4.097733803977177,-0.7714583813908362,8.966925989345192
2021-06-22,2021-07-21,20,futures_1m,2.28,1.75,-11.673871728709457,15.213871728709456
2021-07-22,2021-07-23,1,naive,2.62,2.1,-0.9066140952576718,5.106614095257672
2021-07-22,2021-07-23,1,ar1_t,2.62,2.181239954582249,1.276761530396548,3.175839233754289
2021-07-22,2021-07-23,1,ou_t,2.62,2.543060217670515,-0.4260720793755586,5.51219251471659
2021-07-22,2021-07-29,5,naive,2.68,2.1,-4.622993499105183,8.822993499105182
2021-07-22,2021-07-29,5,ar1_t,2.68,2.1570243991771334,0.3372698677922912,4.0781776114510375
2021-07-22,2021-07-29,5,ou_t,2.68,3.549339811074619,-1.0322668962381893,8.130946518387429
2021-07-22,2021-08-19,20,naive,3.11,2.1,-11.345986998210366,15.545986998210365
2021-07-22,2021-08-19,20,ar1_t,3.11,2.1559760854704555,-1.4273149302832013,6.374331431136296
2021-07-22,2021-08-19,20,ou_t,3.11,4.153818136207736,-0.6489135210504715,8.956549793465946
2021-07-22,2021-08-19,20,futures_1m,3.11,1.88,-11.345986998210366,15.545986998210365
2021-08-20,2021-08-23,1,naive,3.42,3.26,0.2554589045781399,6.26454109542186
2021-08-20,2021-08-23,1,ar1_t,3.42,3.1923250894513133,2.2740480947484265,4.149340329435654
2021-08-20,2021-08-23,1,ou_t,3.42,3.467788697544175,0.5052940910112751,6.430283304077077
2021-08-20,2021-08-27,5,naive,3.42,3.26,-3.458358130554961,9.97835813055496
2021-08-20,2021-08-27,5,ar1_t,3.42,3.2124933994536193,1.404299810458318,5.1793192735331
2021-08-20,2021-08-27,5,ou_t,3.42,3.934585307290351,-0.6115296160875112,8.480700230668216
2021-08-20,2021-09-21,20,naive,3.14,3.26,-10.176716261109922,16.69671626110992
2021-08-20,2021-09-21,20,ar1_t,3.14,3.2133651567044996,-0.422850369882538,7.5310342538431065
2021-08-20,2021-09-21,20,ou_t,3.14,4.206715342991691,-0.547452533488209,8.960883219471594
2021-08-20,2021-09-21,20,futures_1m,3.14,2.86,-10.176716261109922,16.69671626110992
2021-09-22,2021-09-23,1,naive,3.01,3.13,0.1257427541340892,6.134257245865911
2021-09-22,2021-09-23,1,ar1_t,3.01,3.1345121586575067,2.2368881781355614,4.10734423559233
2021-09-22,2021-09-23,1,ou_t,3.01,3.377085125435318,0.4213566036349703,6.332813647235666
2021-09-22,2021-09-29,5,naive,2.8,3.13,-3.587723423652476,9.847723423652475
2021-09-22,2021-09-29,5,ar1_t,2.8,3.133167379655045,1.34879058278031,5.03535603770439
2021-09-22,2021-09-29,5,ou_t,2.8,3.927569556796166,-0.5893034135390409,8.444442527131374
2021-09-22,2021-10-20,20,naive,1.36,3.13,-10.305446847304953,16.56544684730495
2021-09-22,2021-10-20,20,ar1_t,1.36,3.1331092260027105,-0.5636522600684883,7.1210398194856595
2021-09-22,2021-10-20,20,ou_t,1.36,4.241299003382725,-0.47411410628708595,8.956712113052536
2021-09-22,2021-10-20,20,futures_1m,1.36,3.96,-10.305446847304953,16.56544684730495
2021-10-21,2021-10-22,1,naive,0.9,1.94,-1.0620368563105247,4.942036856310525
2021-10-21,2021-10-22,1,ar1_t,0.9,1.6780890170590477,0.7588718162242963,2.6264767248872958
2021-10-21,2021-10-22,1,ou_t,0.9,2.4563747764712955,-0.5022279498884084,5.414977502831
2021-10-21,2021-10-28,5,naive,0.62,1.94,-4.7727584816701025,8.652758481670102
2021-10-21,2021-10-28,5,ar1_t,0.62,1.756179177696127,-0.004135188926193767,3.6300283375655327
2021-10-21,2021-10-28,5,ou_t,0.62,3.6035094124541107,-0.9112735952642117,8.118292420172434
2021-10-21,2021-11-18,20,naive,3.53,1.94,-11.485516963340205,15.365516963340204
2021-10-21,2021-11-18,20,ar1_t,3.53,1.7595672056788962,-2.013597399047151,6.025392260675738
2021-10-21,2021-11-18,20,ou_t,3.53,4.252183675703434,-0.45829507191680285,8.962662423323671
2021-10-21,2021-11-18,20,futures_1m,3.53,2.11,-11.485516963340205,15.365516963340204
2021-11-19,2021-11-22,1,naive,4.23,4.13,1.1285016168207953,7.1314983831792045
2021-11-19,2021-11-22,1,ar1_t,4.23,3.8591369259521695,2.9590676798657864,4.846440302299722
2021-11-19,2021-11-22,1,ou_t,4.23,4.167447893722047,1.2233319484342,7.111563839009895
2021-11-19,2021-11-30,5,naive,4.72,4.13,-2.581554419144413,10.841554419144412
2021-11-19,2021-11-30,5,ar1_t,4.72,3.939884011340731,2.1387877832599695,5.891427771751435
2021-11-19,2021-11-30,5,ou_t,4.72,4.249940713948417,-0.2239894711128052,8.723870899009643
2021-11-19,2021-12-21,20,naive,1.75,4.13,-9.293108838288827,17.553108838288825
2021-11-19,2021-12-21,20,ar1_t,1.75,3.9433830343864598,0.3748185479734353,8.113382001970818
2021-11-19,2021-12-21,20,ou_t,1.75,4.295533430359916,-0.3645454442498499,8.955612304969684
2021-11-19,2021-12-21,20,futures_1m,1.75,2.79,-9.293108838288827,17.553108838288825
2021-12-22,2021-12-23,1,naive,2.37,1.87,-1.130749668984596,4.870749668984596
2021-12-22,2021-12-23,1,ar1_t,2.37,1.815822437951508,0.8890297101338606,2.7071534884227533
2021-12-22,2021-12-23,1,ou_t,2.37,2.4530185424491617,-0.4651337492682108,5.371170834166534
2021-12-22,2022-01-03,5,naive,2.26,1.87,-4.8398802433095485,8.57988024330955
2021-12-22,2022-01-03,5,ar1_t,2.26,1.8319740903201296,-0.06801599520174631,3.689739591603215
2021-12-22,2022-01-03,5,ou_t,2.26,3.7060551316644514,-0.6753893696177005,8.087499632946603
2021-12-22,2022-01-25,20,naive,2.88,1.87,-11.549760486619096,15.289760486619098
2021-12-22,2022-01-25,20,ar1_t,2.88,1.8326742585875306,-1.88184909843343,5.922777034547679
2021-12-22,2022-01-25,20,ou_t,2.88,4.354093317321445,-0.18909155857173143,8.897278193214621
2021-12-22,2022-01-25,20,futures_1m,2.88,2.53,-11.549760486619096,15.289760486619098
2022-01-26,2022-01-27,1,naive,3.09,2.89,-0.10617621852699077,5.886176218526991
2022-01-26,2022-01-27,1,ar1_t,3.09,2.885492668038191,2.00608488208263,3.7784862526272383
2022-01-26,2022-01-27,1,ou_t,3.09,3.245033049664854,0.3322706830119335,6.157795416317775
2022-01-26,2022-02-02,5,naive,3.27,2.89,-3.809653697194616,9.589653697194617
2022-01-26,2022-02-02,5,ar1_t,3.27,2.8868352659773437,1.076830251190382,4.7893255479410834
2022-01-26,2022-02-02,5,ou_t,3.27,4.003314895002618,-0.3568991314686816,8.363528921473918
2022-01-26,2022-02-24,20,naive,8.52,2.89,-10.509307394389232,16.289307394389233
2022-01-26,2022-02-24,20,ar1_t,8.52,2.886893066599856,-0.8270149391829368,6.998807560557926
2022-01-26,2022-02-24,20,ou_t,8.52,4.388962510813651,-0.1273902646526217,8.905315286279926
2022-01-26,2022-02-24,20,futures_1m,8.52,2.61,-10.509307394389232,16.289307394389233
2022-02-25,2022-02-28,1,naive,6.95,6.88,3.8777596944849377,9.882240305515062
2022-02-25,2022-02-28,1,ar1_t,6.95,7.616901075354523,6.705050571083491,8.626400152085235
2022-02-25,2022-02-28,1,ou_t,6.95,6.303722770361586,3.4101876301408263,9.197257910582344
2022-02-25,2022-03-04,5,naive,8.09,6.88,0.16678659207858448,13.593213407921414
2022-02-25,2022-03-04,5,ar1_t,8.09,7.397755150905648,5.5246972526906,9.31601288091021
2022-02-25,2022-03-04,5,ou_t,8.09,5.078667387738475,0.7569344987327691,9.400400276744183
2022-02-25,2022-03-25,20,naive,6.47,6.88,-6.546426815842831,20.30642681584283
2022-02-25,2022-03-25,20,ar1_t,6.47,7.388442543152367,3.6592656568812143,11.634269067347912
2022-02-25,2022-03-25,20,ou_t,6.47,4.463382788724113,-0.0096266217734291,8.936392199221654
2022-02-25,2022-03-25,20,futures_1m,6.47,6.34,-6.546426815842831,20.30642681584283
2022-03-28,2022-03-29,1,naive,8.54,6.95,3.942268514152778,9.957731485847223
2022-03-28,2022-03-29,1,ar1_t,8.54,6.735662649252822,5.815972419694501,7.694929953994
2022-03-28,2022-03-29,1,ou_t,8.54,6.39327466171303,3.4906143174383906,9.295935005987669
2022-03-28,2022-04-04,5,naive,4.86,6.95,0.22450793957916382,13.675492060420837
2022-03-28,2022-04-04,5,ar1_t,4.86,6.799196591737927,4.927492199136552,8.79037521873736
2022-03-28,2022-04-04,5,ou_t,4.86,5.200020572012708,0.8475775816495501,9.552463562375866
2022-03-28,2022-04-27,20,naive,1.34,6.95,-6.5009841208416725,20.400984120841674
2022-03-28,2022-04-27,20,ar1_t,1.34,6.801827187422009,3.3633846042348363,11.274757423815018
2022-03-28,2022-04-27,20,ou_t,1.34,4.587409701026954,0.07641836904001931,9.09840103301389
2022-03-28,2022-04-27,20,futures_1m,1.34,6.52,-6.5009841208416725,20.400984120841674
2022-04-28,2022-04-29,1,naive,3.77,0.31,-2.7004042363948075,3.3204042363948076
2022-04-28,2022-04-29,1,ar1_t,3.77,0.7683141217130574,-0.14936916822783267,1.7490065274635882
2022-04-28,2022-04-29,1,ou_t,3.77,1.3128804684512376,-1.59559631274549,4.221357249647966
2022-04-28,2022-05-06,5,naive,4.14,0.31,-6.421468512332137,7.041468512332136
2022-04-28,2022-05-06,5,ar1_t,4.14,0.6327127333899971,-1.18649035011359,2.7323785828906484
2022-04-28,2022-05-06,5,ou_t,4.14,3.462185978371492,-0.8987712055502275,7.823143162293212
2022-04-28,2022-05-27,20,naive,6.23,0.31,-13.152937024664272,13.772937024664273
2022-04-28,2022-05-27,20,ar1_t,6.23,0.6271800191730663,-3.315714632591408,5.066522623269149
2022-04-28,2022-05-27,20,ou_t,6.23,4.565336914430281,0.04559749221469467,9.085076336645868
2022-04-28,2022-05-27,20,futures_1m,6.23,2.23,-13.152937024664272,13.772937024664273
2022-05-31,2022-06-01,1,naive,6.94,11.15,8.128199951571805,14.171800048428196
2022-05-31,2022-06-01,1,ar1_t,6.94,8.975319310310004,8.042682861624812,9.977373784802538
2022-05-31,2022-06-01,1,ou_t,6.94,9.606333198721273,6.68983345407497,12.522832943367577
2022-05-31,2022-06-08,5,naive,7.26,11.15,4.3930496773023995,17.9069503226976
2022-05-31,2022-06-08,5,ar1_t,7.26,9.616464641510802,7.639442039754742,11.691482408792343
2022-05-31,2022-06-08,5,ou_t,7.26,6.322231373671521,1.9645782249387933,10.679884522404247
2022-05-31,2022-06-30,20,naive,12.02,11.15,-2.3639006453952014,24.663900645395202
2022-05-31,2022-06-30,20,ar1_t,12.02,9.641908431915168,5.632106791054888,14.039758593672667
2022-05-31,2022-06-30,20,ou_t,12.02,4.669354011005748,0.15858839293858473,9.18011962907291
2022-05-31,2022-06-30,20,futures_1m,12.02,8.17,-2.3639006453952014,24.663900645395202
2022-07-01,2022-07-05,1,naive,8.94,8.91,5.880688492347408,11.939311507652592
2022-07-01,2022-07-05,1,ar1_t,8.94,10.288193542969898,9.296745072209124,11.246042207259537
2022-07-01,2022-07-05,1,ou_t,8.94,7.923528076259737,5.006246548606498,10.840809603912977
2022-07-01,2022-07-11,5,naive,8.76,8.91,2.136253543866432,15.68374645613357
2022-07-01,2022-07-11,5,ar1_t,8.76,9.881311489665109,7.909048693209701,11.902929688936121
2022-07-01,2022-07-11,5,ou_t,8.76,5.822914000550869,1.462183481057279,10.183644520044458
2022-07-01,2022-08-01,20,naive,9.5,8.91,-4.6374929122671364,22.457492912267135
2022-07-01,2022-08-01,20,ar1_t,9.5,9.864990356799304,5.720958559297316,14.317272901256453
2022-07-01,2022-08-01,20,ou_t,9.5,4.763090313268724,0.248455335285926,9.277725291251521
2022-07-01,2022-08-01,20,futures_1m,9.5,3.2,-4.6374929122671364,22.457492912267135
2022-08-02,2022-08-03,1,naive,8.57,9.37,6.326572936730425,12.413427063269573
2022-08-02,2022-08-03,1,ar1_t,8.57,9.427163126912278,8.452938109286329,10.419788447966337
2022-08-02,2022-08-03,1,ou_t,8.57,8.32185974169701,5.3713092179145825,11.272410265479436
2022-08-02,2022-08-09,5,naive,10.63,9.37,2.5646902019666777,16.17530979803332
2022-08-02,2022-08-09,5,ar1_t,10.63,9.410357119350522,7.409755834133425,11.543895933198895
2022-08-02,2022-08-09,5,ou_t,10.63,6.07087621360165,1.6424015566252095,10.499350870578091
2022-08-02,2022-08-31,20,naive,6.46,9.37,-4.240619596066644,22.980619596066642
2022-08-02,2022-08-31,20,ar1_t,6.46,9.409704433659302,5.094878665694992,14.022863334386694
2022-08-02,2022-08-31,20,ou_t,6.46,4.909081983801023,0.31772979268997226,9.500434174912076
2022-08-02,2022-08-31,20,futures_1m,6.46,6.12,-4.240619596066644,22.980619596066642
2022-09-01,2022-09-02,1,naive,5.8,5.15,2.0985805026458464,8.201419497354154
2022-09-01,2022-09-02,1,ar1_t,5.8,5.720947286634328,4.687945802614159,6.707070129665368
2022-09-01,2022-09-02,1,ou_t,5.8,5.10546424543747,2.1610795895080486,8.049848901366893
2022-09-01,2022-09-09,5,naive,4.41,5.15,-1.673181423952128,11.973181423952129
2022-09-01,2022-09-09,5,ar1_t,4.41,5.5538939390836415,3.4752001234418692,7.67522312107688
2022-09-01,2022-09-09,5,ou_t,4.41,5.01025604573822,0.6007420956600837,9.419769995816358
2022-09-01,2022-10-03,20,naive,6.63,5.15,-8.496362847904257,18.796362847904255
2022-09-01,2022-10-03,20,ar1_t,6.63,5.547640542645083,1.2488303889291819,10.341443975399576
2022-09-01,2022-10-03,20,ou_t,6.63,4.961714539563396,0.39358251236474384,9.52984656676205
2022-09-01,2022-10-03,20,futures_1m,6.63,5.75,-8.496362847904257,18.796362847904255
2022-10-04,2022-10-05,1,naive,6.13,6.87,3.81894209900629,9.92105790099371
2022-10-04,2022-10-05,1,ar1_t,6.13,6.765670896825877,5.727885768143535,7.795286109458245
2022-10-04,2022-10-05,1,ou_t,6.13,6.426580927162526,3.4819416820728186,9.371220172252233
2022-10-04,2022-10-11,5,naive,5.42,6.87,0.04762713009024111,13.692372869909759
2022-10-04,2022-10-11,5,ar1_t,5.42,6.796153030154247,4.705185231479309,8.931964925240178
2022-10-04,2022-10-11,5,ou_t,5.42,5.478366068862348,1.0678532348987613,9.888878902825935
2022-10-04,2022-11-01,20,naive,6.76,6.87,-6.774745739819518,20.514745739819517
2022-10-04,2022-11-01,20,ar1_t,6.76,6.797281826958035,2.294676527025852,11.492525121520124
2022-10-04,2022-11-01,20,ou_t,6.76,4.994545000025969,0.42515310170227316,9.563936898349665
2022-10-04,2022-11-01,20,futures_1m,6.76,5.28,-6.774745739819518,20.514745739819517
2022-11-02,2022-11-03,1,naive,7.15,6.01,2.9595800911443373,9.060419908855662
2022-11-02,2022-11-03,1,ar1_t,7.15,6.335527695843915,5.304095127750675,7.367260744160963
2022-11-02,2022-11-03,1,ou_t,7.15,5.765468841855635,2.8200092279884417,8.71092845572283
2022-11-02,2022-11-09,5,naive,7.26,6.01,-0.8109462761199753,12.830946276119974
2022-11-02,2022-11-09,5,ar1_t,7.26,6.240497637013924,4.066873318104333,8.44474776284989
2022-11-02,2022-11-09,5,ou_t,7.26,5.2433536128770255,0.834824567745903,9.651882658008148
2022-11-02,2022-12-01,20,naive,5.22,6.01,-7.63189255223995,19.65189255223995
2022-11-02,2022-12-01,20,ar1_t,5.22,6.237000902980152,1.7686235075385497,10.875522398475685
2022-11-02,2022-12-01,20,ou_t,5.22,4.978027660479363,0.4118583952008601,9.544196925757866
2022-11-02,2022-12-01,20,futures_1m,5.22,6.16,-7.63189255223995,19.65189255223995
2022-12-02,2022-12-05,1,naive,6.53,6.68,3.6271155316013632,9.732884468398636
2022-12-02,2022-12-05,1,ar1_t,6.53,6.046698959450569,5.010528640380244,7.076320199577362
2022-12-02,2022-12-05,1,ou_t,6.53,6.285098741365179,3.3376433925219704,9.232554090208389
2022-12-02,2022-12-09,5,naive,5.32,6.68,-0.1464571987926604,13.50645719879266
2022-12-02,2022-12-09,5,ar1_t,5.32,6.231513021608064,4.0449656756912695,8.348110751468417
2022-12-02,2022-12-09,5,ou_t,5.32,5.438487461523028,1.0183690701062202,9.858605852939839
2022-12-02,2023-01-04,20,naive,2.49,6.68,-6.9729143975853205,20.33291439758532
2022-12-02,2023-01-04,20,ar1_t,2.49,6.238295988071501,1.5682802076796365,11.006354687926896
2022-12-02,2023-01-04,20,ou_t,2.49,5.0035637750665165,0.42224530594264476,9.584882244190391
2022-12-02,2023-01-04,20,futures_1m,2.49,5.59,-6.9729143975853205,20.33291439758532
2023-01-05,2023-01-06,1,naive,2.64,3.12,0.06472137201421324,6.1752786279857865
2023-01-05,2023-01-06,1,ar1_t,2.64,2.847274847201208,1.8400245348382827,3.857472651415312
2023-01-05,2023-01-06,1,ou_t,2.64,3.5507934049655714,0.5953430364027406,6.506243773528402
2023-01-05,2023-01-12,5,naive,4.27,3.12,-3.7118107023785107,9.951810702378511
2023-01-05,2023-01-12,5,ar1_t,4.27,2.926775140026631,0.7983858382037454,5.137380774870629
2023-01-05,2023-01-12,5,ou_t,4.27,4.474395521742938,0.042187685643465755,8.90660335784241
2023-01-05,2023-02-03,20,naive,5.45,3.12,-10.543621404757022,16.78362140475702
2023-01-05,2023-02-03,20,ar1_t,5.45,2.9296687163835884,-1.639467691410705,7.771631295136926
2023-01-05,2023-02-03,20,ou_t,5.45,4.948930656030866,0.3550450985330045,9.542816213528727
2023-01-05,2023-02-03,20,futures_1m,5.45,5.02,-10.543621404757022,16.78362140475702
2023-02-06,2023-02-07,1,naive,5.75,6.37,3.313148454972141,9.426851545027858
2023-02-06,2023-02-07,1,ar1_t,5.75,5.971587325323146,4.907030031950859,7.056138333124955
2023-02-06,2023-02-07,1,ou_t,5.75,6.032731141921827,3.076978057604504,8.988484226239152
2023-02-06,2023-02-13,5,naive,5.84,6.37,-0.46532785180755276,13.205327851807553
2023-02-06,2023-02-13,5,ar1_t,5.84,6.087749677339893,3.946327565840963,8.227324385606437
2023-02-06,2023-02-13,5,ou_t,5.84,5.311108203832109,0.8827669404855047,9.739449467178714
2023-02-06,2023-03-07,20,naive,5.58,6.37,-7.300655703615106,20.040655703615105
2023-02-06,2023-03-07,20,ar1_t,5.58,6.091984134393219,1.638703212290097,10.75978872897362
2023-02-06,2023-03-07,20,ou_t,5.58,4.942355983199307,0.35406197862167765,9.530649987776936
2023-02-06,2023-03-07,20,futures_1m,5.58,6.88,-7.300655703615106,20.040655703615105
2023-03-08,2023-03-09,1,naive,5.4,5.54,2.484394862604896,8.595605137395104
2023-03-08,2023-03-09,1,ar1_t,5.4,5.5573283875027855,4.553192817121203,6.663926749087753
2023-03-08,2023-03-09,1,ou_t,5.4,5.401823830885621,2.4426888530066977,8.360958808764545
2023-03-08,2023-03-15,5,naive,6.92,5.54,-1.2925407996130378,12.372540799613038
2023-03-08,2023-03-15,5,ar1_t,6.92,5.552275091387775,3.415977339047407,7.841128289214863
2023-03-08,2023-03-15,5,ou_t,6.92,5.106339912842547,0.6740745214633739,9.53860530422172
2023-03-08,2023-04-05,20,naive,5.2,5.54,-8.125081599226075,19.205081599226077
2023-03-08,2023-04-05,20,ar1_t,5.2,5.5520906150118545,1.1331435299284822,10.349317244986764
2023-03-08,2023-04-05,20,ou_t,5.2,4.955563259667014,0.36362038031768584,9.547506139016342
2023-03-08,2023-04-05,20,futures_1m,5.2,6.0,-8.125081599226075,19.205081599226077
2023-04-06,2023-04-11,1,naive,5.78,5.86,2.803715399280208,8.916284600719793
2023-04-06,2023-04-11,1,ar1_t,5.78,5.574061141857527,4.565016823573154,6.622296533880676
2023-04-06,2023-04-11,1,ou_t,5.78,5.65264660427757,2.701666009247664,8.603627199307477
2023-04-06,2023-04-17,5,naive,4.7,5.86,-0.9740601257952584,12.694060125795259
2023-04-06,2023-04-17,5,ar1_t,4.7,5.65744978806643,3.5781361173152453,7.837003789721495
2023-04-06,2023-04-17,5,ou_t,4.7,5.210720841280109,0.7977894242818708,9.623652258278348
2023-04-06,2023-05-10,20,naive,4.17,5.86,-7.808120251590517,19.52812025159052
2023-04-06,2023-05-10,20,ar1_t,4.17,5.66049488980481,1.0971227585798518,10.619188561830875
2023-04-06,2023-05-10,20,ou_t,4.17,4.987239107069896,0.4179039845871264,9.556574229552666
2023-04-06,2023-05-10,20,futures_1m,4.17,4.42,-7.808120251590517,19.52812025159052
2023-05-11,2023-05-12,1,naive,4.52,4.51,1.4563547300175284,7.563645269982471
2023-05-11,2023-05-12,1,ar1_t,4.52,4.362696394020326,3.435910020729832,5.432032762014091
2023-05-11,2023-05-12,1,ou_t,4.52,4.627794936241569,1.6784350946473947,7.577154777835745
2023-05-11,2023-05-18,5,naive,3.93,4.51,-2.3181584028515045,11.338158402851505
2023-05-11,2023-05-18,5,ar1_t,3.93,4.4056549823889615,2.2655237024218415,6.515240635046521
2023-05-11,2023-05-18,5,ou_t,3.93,4.878425403512823,0.4714607992242197,9.285390007801428
2023-05-11,2023-06-09,20,naive,4.58,4.51,-9.146316805703009,18.16631680570301
2023-05-11,2023-06-09,20,ar1_t,4.58,4.407223778564956,-0.038179372772495626,8.993986752909189
2023-05-11,2023-06-09,20,ou_t,4.58,5.004601121239894,0.4427149257333536,9.566487316746436
2023-05-11,2023-06-09,20,futures_1m,4.58,4.11,-9.146316805703009,18.16631680570301
2023-06-12,2023-06-13,1,naive,4.85,4.72,1.6715403989544004,7.768459601045599
2023-06-12,2023-06-13,1,ar1_t,4.85,4.659307260066224,3.683639819320901,5.683695155954388
2023-06-12,2023-06-13,1,ou_t,4.85,4.779939867472041,1.8081876480933365,7.7516920868507455
2023-06-12,2023-06-20,5,naive,4.85,4.72,-2.09656289459985,11.53656289459985
2023-06-12,2023-06-20,5,ar1_t,4.85,4.677013428150719,2.5917891290234425,6.8137809447960125
2023-06-12,2023-06-20,5,ou_t,4.85,4.907582088762098,0.46534599618416905,9.349818181340027
2023-06-12,2023-07-12,20,naive,4.58,4.72,-8.9131257891997,18.353125789199698
2023-06-12,2023-07-12,20,ar1_t,4.58,4.677661731428844,0.023476483019898915,9.277233616430658
2023-06-12,2023-07-12,20,ou_t,4.58,4.971988212727258,0.3729412171459012,9.571035208308615
2023-06-12,2023-07-12,20,futures_1m,4.58,4.72,-8.9131257891997,18.353125789199698
2023-07-13,2023-07-14,1,naive,4.46,4.45,1.4067450011270126,7.493254998872988
2023-07-13,2023-07-14,1,ar1_t,4.46,4.506333593732925,3.5380962742355546,5.481527495626267
2023-07-13,2023-07-14,1,ou_t,4.46,4.561561608952782,1.581629101436111,7.541494116469453
2023-07-13,2023-07-20,5,naive,3.97,4.45,-2.354925050346046,11.254925050346046
2023-07-13,2023-07-20,5,ar1_t,3.97,4.489902989890657,2.32855932561076,6.492785487013724
2023-07-13,2023-07-20,5,ou_t,3.97,4.797820224515133,0.35509019747408566,9.240550251556183
2023-07-13,2023-08-10,20,naive,4.63,4.45,-9.159850100692093,18.059850100692092
2023-07-13,2023-08-10,20,ar1_t,4.63,4.489302450188208,-0.04543452820168888,9.44029712383882
2023-07-13,2023-08-10,20,ou_t,4.63,4.915284880120266,0.31988673505153464,9.510683025189
2023-07-13,2023-08-10,20,futures_1m,4.63,4.47,-9.159850100692093,18.059850100692092
2023-08-11,2023-08-14,1,naive,4.9,4.76,1.7319953481380725,7.788004651861927
2023-08-11,2023-08-14,1,ar1_t,4.9,4.703031856310926,3.751856941903249,5.636638670445915
2023-08-11,2023-08-14,1,ou_t,4.9,4.796857919247425,1.8298348092100207,7.76388102928483
2023-08-11,2023-08-18,5,naive,4.67,4.76,-2.0108242377488548,11.530824237748854
2023-08-11,2023-08-18,5,ar1_t,4.67,4.71974962461563,2.6573716868361292,6.672612360740298
2023-08-11,2023-08-18,5,ou_t,4.67,4.874465671818122,0.4630150276186802,9.285916316017564
2023-08-11,2023-09-12,20,naive,4.71,4.76,-8.78164847549771,18.301648475497707
2023-08-11,2023-09-12,20,ar1_t,4.71,4.720389732558785,0.3404401089759063,9.241521091919829
2023-08-11,2023-09-12,20,ou_t,4.71,4.912465292936559,0.3535962959069634,9.471334289966155
2023-08-11,2023-09-12,20,futures_1m,4.71,3.62,-8.78164847549771,18.301648475497707
2023-09-13,2023-09-14,1,naive,5.07,4.45,1.4340722356273656,7.465927764372635
2023-09-13,2023-09-14,1,ar1_t,5.07,4.563795953658188,3.6801277592906265,5.552926171755997
2023-09-13,2023-09-14,1,ou_t,5.07,4.5650014566394885,1.6007015397894087,7.529301373489568
2023-09-13,2023-09-20,5,naive,5.36,4.45,-2.2938194963661793,11.19381949636618
2023-09-13,2023-09-20,5,ar1_t,5.36,4.5304239262433486,2.562025790405964,6.630026323846709
2023-09-13,2023-09-20,5,ou_t,5.36,4.807592329469353,0.3963678701704545,9.218816788768251
2023-09-13,2023-10-12,20,naive,5.53,4.45,-9.037638992732358,17.93763899273236
2023-09-13,2023-10-12,20,ar1_t,5.53,4.529152665225288,0.12073245877857473,8.914936054536305
2023-09-13,2023-10-12,20,ou_t,5.53,4.926954356678377,0.36700034712130414,9.48690836623545
2023-09-13,2023-10-12,20,futures_1m,5.53,3.36,-9.037638992732358,17.93763899273236
2023-10-13,2023-10-16,1,naive,4.34,6.66,3.640780339337001,9.679219660663
2023-10-13,2023-10-16,1,ar1_t,4.34,6.165992065691126,5.19946741829182,7.114247432516168
2023-10-13,2023-10-16,1,ou_t,4.34,6.240466254135294,3.2845218695616962,9.196410638708892
2023-10-13,2023-10-20,5,naive,4.6,6.66,-0.09118040024631302,13.411180400246312
2023-10-13,2023-10-20,5,ar1_t,4.6,6.31077552539532,4.308425223544566,8.347486183964769
2023-10-13,2023-10-20,5,ou_t,4.6,5.358031572081406,0.9652423962248333,9.75082074793798
2023-10-13,2023-11-13,20,naive,5.23,6.66,-6.842360800492626,20.16236080049263
2023-10-13,2023-11-13,20,ar1_t,5.23,6.316264653839078,2.053870424353754,10.784181695053746
2023-10-13,2023-11-13,20,ou_t,5.23,4.9271691205968215,0.38833580299634285,9.4660024381973
2023-10-13,2023-11-13,20,futures_1m,5.23,3.2,-6.842360800492626,20.16236080049263
2023-11-14,2023-11-15,1,naive,5.25,5.3,2.275062173696939,8.32493782630306
2023-11-14,2023-11-15,1,ar1_t,5.25,5.269353533436247,4.320391131104115,6.207548921273145
2023-11-14,2023-11-15,1,ou_t,5.25,5.187097065757328,2.241970959173292,8.132223172341366
2023-11-14,2023-11-21,5,naive,4.07,5.3,-1.4639666073240951,12.063966607324094
2023-11-14,2023-11-21,5,ar1_t,4.07,5.27834242581644,3.3449525411181136,7.311959071727492
2023-11-14,2023-11-21,5,ou_t,4.07,4.954607800264121,0.6210193572747693,9.288196243253475
2023-11-14,2023-12-13,20,naive,5.05,5.3,-8.22793321464819,18.82793321464819
2023-11-14,2023-12-13,20,ar1_t,5.05,5.278685267460301,0.8226478972888345,9.715590159450391
2023-11-14,2023-12-13,20,ou_t,5.05,4.847286543444606,0.3837327083460238,9.31084037854319
2023-11-14,2023-12-13,20,futures_1m,5.05,4.21,-8.22793321464819,18.82793321464819
2023-12-14,2023-12-15,1,naive,5.79,5.84,2.817084145171095,8.862915854828906
2023-12-14,2023-12-15,1,ar1_t,5.79,5.493052148912948,4.5076388181343106,6.446357942656181
2023-12-14,2023-12-15,1,ou_t,5.79,5.563935558915464,2.643619717609709,8.484251400221218
2023-12-14,2023-12-21,5,naive,7.14,5.84,-0.9194453416593174,12.599445341659317
2023-12-14,2023-12-21,5,ar1_t,7.14,5.594987242896256,3.656290192087517,7.633384269959456
2023-12-14,2023-12-21,5,ou_t,7.14,5.011644661066148,0.7706099379285547,9.252679384203741
2023-12-14,2024-01-17,20,naive,6.09,5.84,-7.678890683318635,19.358890683318634
2023-12-14,2024-01-17,20,ar1_t,6.09,5.5989258095085,1.3862271670557933,9.970433314961785
2023-12-14,2024-01-17,20,ou_t,6.09,4.7752635412669955,0.42369869333067456,9.126828389203318
2024-01-18,2024-01-19,1,naive,7.02,6.72,3.6971967074949688,9.74280329250503
2024-01-18,2024-01-19,1,ar1_t,7.02,6.443814401566288,5.537044302533199,7.403414429787927
2024-01-18,2024-01-19,1,ou_t,7.02,6.199055101984645,3.2886722094698313,9.109437994499459
2024-01-18,2024-01-25,5,naive,4.42,6.72,-0.03919364465143005,13.47919364465143
2024-01-18,2024-01-25,5,ar1_t,4.42,6.524880702258464,4.520061470780161,8.5942278536743
2024-01-18,2024-01-25,5,ou_t,4.42,5.169051207862701,0.964525155160854,9.373577260564549
2024-01-18,2024-02-15,20,naive,5.86,6.72,-6.79838728930286,20.23838728930286
2024-01-18,2024-02-15,20,ar1_t,5.86,6.527989759102957,2.2207080035670224,11.125886035241859
2024-01-18,2024-02-15,20,ou_t,5.86,4.741486596628154,0.43348328514358414,9.049489908112724
2024-02-16,2024-02-20,1,naive,6.06,5.23,2.2126420690529924,8.247357930947008
2024-02-16,2024-02-20,1,ar1_t,6.06,5.505428392782222,4.591091348006781,6.436983494189302
2024-02-16,2024-02-20,1,ou_t,6.06,5.094146157964174,2.1951124550537644,7.993179860874582
2024-02-16,2024-02-26,5,naive,5.48,5.23,-1.5170174460456263,11.977017446045627
2024-02-16,2024-02-26,5,ar1_t,5.48,5.424704772221034,3.398915523673278,7.359512377168054
2024-02-16,2024-02-26,5,ou_t,5.48,4.826740333616579,0.6468950717156803,9.006585595517475
2024-02-16,2024-03-18,20,naive,2.79,5.23,-8.264034892091253,18.724034892091254
2024-02-16,2024-03-18,20,ar1_t,2.79,5.421643952791367,1.0220827174808358,9.886674221208638
2024-02-16,2024-03-18,20,ou_t,2.79,4.71702052597339,0.4365291980771415,8.997511853869636
2024-03-19,2024-03-20,1,naive,2.98,2.97,-0.05013829961708893,5.990138299617089
2024-03-19,2024-03-20,1,ar1_t,2.98,2.8913810112904357,1.8783648195540918,3.794805392740903
2024-03-19,2024-03-20,1,ou_t,2.98,3.4243585539639017,0.5159960573745499,6.332721050553254
2024-03-19,2024-03-26,5,naive,3.5,2.97,-3.783234539394439,9.72323453939444
2024-03-19,2024-03-26,5,ar1_t,3.5,2.9144110342133116,0.9181883567450012,4.931044612098752
2024-03-19,2024-03-26,5,ou_t,3.5,4.306824264785296,0.13794806006276605,8.475700469507828
2024-03-19,2024-04-18,20,naive,4.84,2.97,-10.536469078788878,16.476469078788877
2024-03-19,2024-04-18,20,ar1_t,4.84,2.915280827464008,-1.4572997445926705,7.541744308956768
2024-03-19,2024-04-18,20,ou_t,4.84,4.656630762168003,0.39370069920378814,8.91956082513222
2024-04-19,2024-04-22,1,naive,3.48,4.17,1.145483812232087,7.194516187767913
2024-04-19,2024-04-22,1,ar1_t,3.48,4.462932342054057,3.4385516183047273,5.372674035001422
2024-04-19,2024-04-22,1,ou_t,3.48,4.285329030937268,1.393003868233781,7.1776541936407545
2024-04-19,2024-04-26,5,naive,4.57,4.17,-2.5930237948975723,10.933023794897572
2024-04-19,2024-04-26,5,ar1_t,4.57,4.377075975646619,2.3970905087126915,6.385429050478305
2024-04-19,2024-04-26,5,ou_t,4.57,4.504133134174588,0.39973252485283517,8.608533743496341
2024-04-19,2024-05-20,20,naive,0.52,4.17,-9.356047589795145,17.696047589795143
2024-04-19,2024-05-20,20,ar1_t,0.52,4.373819778212872,-0.0034343149718143035,8.938775753109393
2024-04-19,2024-05-20,20,ou_t,0.52,4.585798911658916,0.3988195641890169,8.772778259128815
2024-05-21,2024-05-22,1,naive,0.75,0.56,-2.46755975997621,3.58755975997621
2024-05-21,2024-05-22,1,ar1_t,0.75,0.5425388735578511,-0.3934510062396638,1.4866511357728034
2024-05-21,2024-05-22,1,ou_t,0.75,1.6582489290786042,-1.2472204000051406,4.563718258162349
2024-05-21,2024-05-29,5,naive,1.26,0.56,-6.209829429249753,7.329829429249754
2024-05-21,2024-05-29,5,ar1_t,1.26,0.5476522394684814,-1.4853931619006495,2.550023635959214
2024-05-21,2024-05-29,5,ou_t,1.26,3.7310812637746404,-0.38294281080475256,7.845105338354033
2024-05-21,2024-06-20,20,naive,2.58,0.56,-12.979658858499507,14.099658858499508
2024-05-21,2024-06-20,20,ar1_t,2.58,0.5478449126072157,-4.095442136846474,5.0791646724478765
2024-05-21,2024-06-20,20,ou_t,2.58,4.4945464013165015,0.2998248142995923,8.68926798833341
2024-06-21,2024-06-24,1,naive,4.12,4.71,1.6849391607326378,7.735060839267362
2024-06-21,2024-06-24,1,ar1_t,4.12,3.780833131543755,2.842019965419454,4.771376392133917
2024-06-21,2024-06-24,1,ou_t,4.12,4.618498240040693,1.7245309130274213,7.512465567053965
2024-06-21,2024-06-28,5,naive,4.43,4.71,-2.0542416726743875,11.474241672674388
2024-06-21,2024-06-28,5,ar1_t,4.43,4.05283108159464,2.045946200538526,6.104722991634282
2024-06-21,2024-06-28,5,ou_t,4.43,4.447720349329094,0.3691491251395611,8.526291573518627
2024-06-21,2024-07-22,20,naive,2.19,4.71,-8.818483345348774,18.238483345348776
2024-06-21,2024-07-22,20,ar1_t,2.19,4.063050882258858,-0.14577362623513734,8.529016520742442
2024-06-21,2024-07-22,20,ou_t,2.19,4.3865890913827235,0.23228333107160815,8.540894851693839
2024-07-23,2024-07-24,1,naive,4.23,3.96,0.9309273218072276,6.989072678192772
2024-07-23,2024-07-24,1,ar1_t,4.23,3.183547562677545,2.2526272140085215,4.150051119714984
2024-07-23,2024-07-24,1,ou_t,4.23,4.052586439783984,1.2587436652176849,6.846429214350284
2024-07-23,2024-07-30,5,naive,3.09,3.96,-2.813212417226384,10.733212417226383
2024-07-23,2024-07-30,5,ar1_t,3.09,3.411532637840672,1.4744951094720637,5.450178417300295
2024-07-23,2024-07-30,5,ou_t,3.09,4.214775474895214,0.3765012768990834,8.053049672891346
2024-07-23,2024-08-20,20,naive,3.58,3.96,-9.586424834452767,17.50642483445277
2024-07-23,2024-08-20,20,ar1_t,3.58,3.420299867291434,-1.0511344146276642,8.01122187365256
2024-07-23,2024-08-20,20,ou_t,3.58,4.2642538646443535,0.37381098825777004,8.154696741030937
2024-08-21,2024-08-22,1,naive,5.08,6.01,2.9808637866540337,9.039136213345966
2024-08-21,2024-08-22,1,ar1_t,5.08,4.944895462093581,3.967274572493557,5.904966366336128
2024-08-21,2024-08-22,1,ou_t,5.08,5.441950606824518,2.672505410097088,8.211395803551948
2024-08-21,2024-08-29,5,naive,4.65,6.01,-0.763354486147886,12.783354486147886
2024-08-21,2024-08-29,5,ar1_t,4.65,5.25749705106239,3.1238243488633164,7.25135037301286
2024-08-21,2024-08-29,5,ou_t,4.65,4.47058137168807,0.7008881909345748,8.240274552441566
2024-08-21,2024-09-20,20,naive,3.24,6.01,-7.536708972295772,19.556708972295773
2024-08-21,2024-09-20,20,ar1_t,3.24,5.269477414269483,0.699108462917502,9.735670891786723
2024-08-21,2024-09-20,20,ou_t,3.24,4.191552225271793,0.37639637792538183,8.006708072618204
2024-09-23,2024-09-24,1,naive,2.95,3.62,0.5977445965719612,6.642255403428039
2024-09-23,2024-09-24,1,ar1_t,2.95,3.4528407494580478,2.4508752487173058,4.421342988110763
2024-09-23,2024-09-24,1,ou_t,2.95,3.791272485420211,1.0340856368596327,6.54845933398079
2024-09-23,2024-09-30,5,naive,3.6,3.62,-3.1379685274311457,10.377968527431147
2024-09-23,2024-09-30,5,ar1_t,3.6,3.5019963373007026,1.5675100381470564,5.624044564573655
2024-09-23,2024-09-30,5,ou_t,3.6,4.0831796115070516,0.33487791532745836,7.831481307686646
2024-09-23,2024-10-22,20,naive,2.75,3.62,-9.89593705486229,17.135937054862293
2024-09-23,2024-10-22,20,ar1_t,2.75,3.503908550449827,-0.8061577513599206,8.058421706342253
2024-09-23,2024-10-22,20,ou_t,2.75,4.166341966255688,0.37357476597341943,7.959109166537958
2024-10-23,2024-10-24,1,naive,3.69,3.31,0.2905415561218927,6.329458443878107
2024-10-23,2024-10-24,1,ar1_t,3.69,3.0640437985453617,2.145870448733506,3.9995361688022912
2024-10-23,2024-10-24,1,ou_t,3.69,3.570798462124398,0.8080087864309702,6.333588137817826
2024-10-23,2024-10-30,5,naive,4.3,3.31,-3.4417143357471818,10.061714335747181
2024-10-23,2024-10-30,5,ar1_t,4.3,3.1363099516390887,1.1705475653929918,5.117870434361257
2024-10-23,2024-10-30,5,ou_t,4.3,4.015154835013425,0.2596628197113029,7.770646850315548
2024-10-23,2024-11-21,20,naive,4.7,3.31,-10.193428671494363,16.813428671494364
2024-10-23,2024-11-21,20,ar1_t,4.7,3.1391030421522226,-1.1925696981445277,7.404958177771309
2024-10-23,2024-11-21,20,ou_t,4.7,4.141654285283297,0.3416780589548254,7.94163051161177
2024-11-22,2024-11-25,1,naive,4.86,4.42,1.401498243246389,7.438501756753611
2024-11-22,2024-11-25,1,ar1_t,4.86,4.5427855965545305,3.605155083928734,5.5207066640603735
2024-11-22,2024-11-25,1,ou_t,4.86,4.3221450692704035,1.5524999564582926,7.091790182082514
2024-11-22,2024-12-02,5,naive,4.46,4.42,-2.329575118303609,11.169575118303609
2024-11-22,2024-12-02,5,ar1_t,4.46,4.506739637729538,2.460185605003132,6.458233140582025
2024-11-22,2024-12-02,5,ou_t,4.46,4.1565254031872945,0.40114379799559785,7.911907008378991
2024-11-22,2024-12-23,20,naive,2.62,4.42,-9.079150236607218,17.919150236607216
2024-11-22,2024-12-23,20,ar1_t,2.62,4.505355496700992,0.18963225236547998,8.882577313268094
2024-11-22,2024-12-23,20,ou_t,2.62,4.110151441403035,0.3117384823958731,7.908564400410198
2024-12-24,2024-12-27,1,naive,2.49,2.63,-0.3871850619950261,5.647185061995026
2024-12-24,2024-12-27,1,ar1_t,2.49,2.6256207588817055,1.6355396328478573,3.580924929115531
2024-12-24,2024-12-27,1,ou_t,2.49,3.0905122651774715,0.3147063157789445,5.866318214575999
2024-12-24,2025-01-03,5,naive,2.08,2.63,-4.116630899317796,9.376630899317796
2024-12-24,2025-01-03,5,ar1_t,2.08,2.6269054178797617,0.6500706371169321,4.605568661840354
2024-12-24,2025-01-03,5,ou_t,2.08,3.8687478437012732,0.10715031394256913,7.630345373459978
2024-12-24,2025-01-28,20,naive,3.86,2.63,-10.863261798635591,16.123261798635593
2024-12-24,2025-01-28,20,ar1_t,3.86,2.626954470136796,-1.66110509355423,6.998363988869879
2024-12-24,2025-01-28,20,ou_t,3.86,4.085836680746192,0.2814610007581213,7.890212360734264
2025-01-29,2025-01-30,1,naive,4.32,4.08,1.0622761907071383,7.097723809292862
2025-01-29,2025-01-30,1,ar1_t,4.32,3.9836498927967376,2.9974074772062673,4.99352495440453
2025-01-29,2025-01-30,1,ou_t,4.32,4.062876058137301,1.2716623516434566,6.854089764631146
2025-01-29,2025-02-05,5,naive,3.32,4.08,-2.667835574898451,10.827835574898451
2025-01-29,2025-02-05,5,ar1_t,3.32,4.011915469328515,1.9561974083010698,5.983145660321971
2025-01-29,2025-02-05,5,ou_t,3.32,4.034292304416684,0.26909448416302295,7.799490124670344
2025-01-29,2025-02-27,20,naive,4.39,4.08,-9.415671149796902,17.575671149796904
2025-01-29,2025-02-27,20,ar1_t,4.39,4.01299505303266,-0.1928505748622302,8.45776097964426
2025-01-29,2025-02-27,20,ou_t,4.39,4.026558737768446,0.2210932995514474,7.832024175985444
2025-02-28,2025-03-03,1,naive,4.22,4.79,1.774250310754078,7.805749689245922
2025-02-28,2025-03-03,1,ar1_t,4.22,4.6148938080483815,3.6830980147611716,5.541224324899737
2025-02-28,2025-03-03,1,ou_t,4.22,4.524028664157006,1.7267486673449302,7.321308660969083
2025-02-28,2025-03-07,5,naive,5.2,4.79,-1.9534213082777487,11.533421308277749
2025-02-28,2025-03-07,5,ar1_t,5.2,4.666251451844395,2.6880540092790954,6.686948288573726
2025-02-28,2025-03-07,5,ou_t,5.2,4.088104282843212,0.33982887054048305,7.836379695145943
2025-02-28,2025-03-28,20,naive,4.95,4.79,-8.696842616555497,18.2768426165555
2025-02-28,2025-03-28,20,ar1_t,4.95,4.668209497512899,0.26076377658577315,8.995328263041547
2025-02-28,2025-03-28,20,ou_t,4.95,3.975368290040882,0.19050617317569873,7.760230406906066
2025-03-31,2025-04-01,1,naive,6.17,5.36,2.34539017878692,8.374609821213081
2025-03-31,2025-04-01,1,ar1_t,6.17,5.180509707373565,4.232667448232224,6.136683970514248
2025-03-31,2025-04-01,1,ou_t,6.17,4.904656567303976,2.0990421688997207,7.710270965708233
2025-03-31,2025-04-07,5,naive,5.08,5.36,-1.3808724858709356,12.100872485870937
2025-03-31,2025-04-07,5,ar1_t,5.08,5.233154209406027,3.1291452535163518,7.246703946067787
2025-03-31,2025-04-07,5,ou_t,5.08,4.159790849903259,0.40296434224795785,7.916617357558561
2025-03-31,2025-04-30,20,naive,3.82,5.36,-8.121744971741872,18.84174497174187
2025-03-31,2025-04-30,20,ar1_t,3.82,5.235161616777543,0.8912629901088955,9.637440883604153
2025-03-31,2025-04-30,20,ou_t,3.82,3.968071871093366,0.17492754443149527,7.761216197755237
2025-05-01,2025-05-02,1,naive,1.9,1.78,-1.232608184200595,4.792608184200595
2025-05-01,2025-05-02,1,ar1_t,1.9,2.673254397024949,1.7949518421333064,3.618021098278084
2025-05-01,2025-05-02,1,ou_t,1.9,2.5026106445879837,-0.2843349238464943,5.289556213022463
2025-05-01,2025-05-09,5,naive,1.89,1.78,-4.9563966894447375,8.516396689444738
2025-05-01,2025-05-09,5,ar1_t,1.89,2.4112341009020897,0.4952211516131069,4.410599107398248
2025-05-01,2025-05-09,5,ou_t,1.89,3.676796630119239,-0.04606705173513115,7.39966031197361
2025-05-01,2025-06-02,20,naive,3.28,1.78,-11.692793378889476,15.252793378889475
2025-05-01,2025-06-02,20,ar1_t,3.28,2.401234506443394,-1.8554975902751059,6.853465495107913
2025-05-01,2025-06-02,20,ou_t,3.28,3.974076331931639,0.21641015369318328,7.731742510170095
2025-06-03,2025-06-04,1,naive,3.12,3.38,0.42637646654435457,6.333623533455645
2025-06-03,2025-06-04,1,ar1_t,3.12,3.3356949629492143,2.437692074276367,4.2641391996786915
2025-06-03,2025-06-04,1,ou_t,3.12,3.590052235771116,0.9402987317749001,6.239805739767332
2025-06-03,2025-06-10,5,naive,2.75,3.38,-3.224503000749948,9.984503000749948
2025-06-03,2025-06-10,5,ar1_t,2.75,3.3487735226155237,1.4693166066590921,5.213415069242472
2025-06-03,2025-06-10,5,ou_t,2.75,3.9254403946977816,0.4077716587047888,7.443109130690775
2025-06-03,2025-07-02,20,naive,2.14,3.38,-9.829006001499895,16.589006001499897
2025-06-03,2025-07-02,20,ar1_t,2.14,3.3492976529486227,-0.4960056698612758,7.348299180298159
2025-06-03,2025-07-02,20,ou_t,2.14,4.006773427735863,0.4589921559496264,7.5545546995221
2025-07-03,2025-07-07,1,naive,2.79,2.29,1.1795368638191637,3.4004631361808366
2025-07-03,2025-07-07,1,ar1_t,2.79,2.2506383674817227,1.3702854680053298,3.1410603422143684
2025-07-03,2025-07-07,1,ou_t,2.79,2.4303177385759795,1.05088094038634,3.8097545367656194
2025-07-03,2025-07-11,5,naive,2.43,2.29,-0.1930710590079565,4.773071059007957
2025-07-03,2025-07-11,5,ar1_t,2.43,2.258781472876375,0.32558112637703596,4.097574693416943
2025-07-03,2025-07-11,5,ou_t,2.43,2.8851297223433914,0.24946338560880177,5.520796059077981
2025-07-03,2025-08-01,20,naive,2.16,2.29,-2.676142118015913,7.256142118015913
2025-07-03,2025-08-01,20,ar1_t,2.16,2.2588202683975194,-1.8030191052397218,6.349177903359938
2025-07-03,2025-08-01,20,ou_t,2.16,3.6881062272819416,0.27365518701088076,7.102557267553003
2025-08-04,2025-08-05,1,naive,2.94,2.23,1.124731414452695,3.335268585547305
2025-08-04,2025-08-05,1,ar1_t,2.94,2.211748129946439,1.3512914221931147,3.0692200684173128
2025-08-04,2025-08-05,1,ou_t,2.94,2.3793070580457254,1.0087734509913817,3.7498406651000695
2025-08-04,2025-08-11,5,naive,2.33,2.23,-0.24145569067881567,4.701455690678816
2025-08-04,2025-08-11,5,ar1_t,2.33,2.2155054554710114,0.28706603326167035,4.094903105141243
2025-08-04,2025-08-11,5,ou_t,2.33,2.8614784074503667,0.2494929889257711,5.473463825974964
2025-08-04,2025-09-03,20,naive,3.4,2.23,-2.7129113813576313,7.172911381357631
2025-08-04,2025-09-03,20,ar1_t,3.4,2.2155229027671464,-1.912974090549836,6.281977535859424
2025-08-04,2025-09-03,20,ou_t,3.4,3.702301091024224,0.3340008115718218,7.070601370476627
2025-09-04,2025-09-05,1,naive,2.7,2.6,1.4914638367225455,3.7085361632774547
2025-09-04,2025-09-05,1,ar1_t,2.7,2.809030191724109,1.9570696514293848,3.6854048429766095
2025-09-04,2025-09-05,1,ou_t,2.7,2.719984181120445,1.3581046926926372,4.0818636695482535
2025-09-04,2025-09-11,5,naive,4.54,2.6,0.12123778339480529,5.078762216605195
2025-09-04,2025-09-11,5,ar1_t,4.54,2.7659294333559106,0.8907032703460895,4.637094718342377
2025-09-04,2025-09-11,5,ou_t,4.54,3.1067047576112183,0.5147137344474593,5.698695780774978
2025-09-04,2025-10-02,20,naive,4.16,2.6,-2.3575244332103895,7.557524433210389
2025-09-04,2025-10-02,20,ar1_t,4.16,2.7657276013646204,-1.4788479866466704,6.776215275527636
2025-09-04,2025-10-02,20,ou_t,4.16,3.776678634247129,0.4421686061420549,7.111188662352204
2025-10-03,2025-10-06,1,naive,4.6,4.48,3.36632667681347,5.593673323186531
2025-10-03,2025-10-06,1,ar1_t,4.6,4.3954635681396566,3.5160806910729563,5.284198439987754
2025-10-03,2025-10-06,1,ou_t,4.6,4.444801082553075,3.084595236853387,5.805006928252762
2025-10-03,2025-10-10,5,naive,4.66,4.48,1.9897507446268263,6.970249255373174
2025-10-03,2025-10-10,5,ar1_t,4.66,4.413043200020217,2.5489260161330733,6.330867262905377
2025-10-03,2025-10-10,5,ou_t,4.66,4.331874613399274,1.7513075868913495,6.912441639907198
2025-10-03,2025-11-03,20,naive,4.0,4.48,-0.5004985107463478,9.460498510746348
2025-10-03,2025-11-03,20,ar1_t,4.0,4.413129241114742,0.35230739137405337,8.332373467588853
2025-10-03,2025-11-03,20,ou_t,4.0,4.13923691031621,0.8379213199513105,7.440552500681111
2025-11-04,2025-11-05,1,naive,3.14,3.66,2.5514924148280893,4.7685075851719105
2025-11-04,2025-11-05,1,ar1_t,3.14,3.748557849998019,2.922010301553408,4.568429716144985
2025-11-04,2025-11-05,1,ou_t,3.14,3.698525169154574,2.3511337056873827,5.045916632621766
2025-11-04,2025-11-12,5,naive,2.58,3.66,1.1813016859814698,6.13869831401853
2025-11-04,2025-11-12,5,ar1_t,2.58,3.7303423446149084,1.8010344086544068,5.619040808406524
2025-11-04,2025-11-12,5,ou_t,2.58,3.821769840542716,1.2705409496408064,6.372998731444626
2025-11-04,2025-12-04,20,naive,4.33,3.66,-1.2973966280370606,8.61739662803706
2025-11-04,2025-12-04,20,ar1_t,4.33,3.7302581203433878,-0.27102681236372905,7.7153749333500015
2025-11-04,2025-12-04,20,ou_t,4.33,4.030010041071917,0.777298745732458,7.282721336411377
2025-12-05,2025-12-08,1,naive,4.26,4.19,3.0791241836393253,5.3008758163606755
2025-12-05,2025-12-08,1,ar1_t,4.26,4.226015594339942,3.3407704559171547,5.1065074805203094
2025-12-05,2025-12-08,1,ou_t,4.26,4.187044126430137,2.8404023331817303,5.533685919678543
2025-12-05,2025-12-12,5,naive,4.5,4.19,1.706006160056957,6.673993839943044
2025-12-05,2025-12-12,5,ar1_t,4.5,4.218678506087199,2.323217626421752,6.125348255352482
2025-12-05,2025-12-12,5,ou_t,4.5,4.177677551422879,1.6444088206689935,6.7109462821767645
2025-12-05,2026-01-07,20,naive,5.07,4.19,-0.7779876798860865,9.157987679886087
2025-12-05,2026-01-07,20,ar1_t,5.07,4.21864623004849,0.1298082881157736,8.209061392939521
2025-12-05,2026-01-07,20,ou_t,5.07,4.162343872954895,0.9677209924431014,7.356966753466688
2026-01-08,2026-01-09,1,naive,6.15,5.6,4.4880109667556,6.711989033244399
2026-01-08,2026-01-09,1,ar1_t,6.15,5.463317321786964,4.5964461628082525,6.32315855911047
2026-01-08,2026-01-09,1,ou_t,6.15,5.469610953671043,4.128182684356976,6.81103922298511
2026-01-08,2026-01-15,5,naive,7.03,5.6,3.1135169314312483,8.08648306856875
2026-01-08,2026-01-15,5,ar1_t,7.03,5.491215927206518,3.6378368337522433,7.403095616170534
2026-01-08,2026-01-15,5,ou_t,7.03,5.060370338010913,2.553272385397235,7.567468290624592
2026-01-08,2026-02-06,20,naive,6.68,5.6,0.627033862862497,10.572966137137502
2026-01-08,2026-02-06,20,ar1_t,6.68,5.491339880545632,1.474566631330572,9.31715162609733
2026-01-08,2026-02-06,20,ou_t,6.68,4.411289748302228,1.282787093773179,7.539792402831278
2026-02-09,2026-02-10,1,naive,6.81,6.66,5.539464682955051,7.780535317044949
2026-02-09,2026-02-10,1,ar1_t,6.81,6.665268256472693,5.752521287870212,7.554124244310907
2026-02-09,2026-02-10,1,ou_t,6.81,6.438378404060137,5.101753190123201,7.775003617997072
2026-02-09,2026-02-17,5,naive,7.24,6.66,4.154406859898215,9.165593140101786
2026-02-09,2026-02-17,5,ar1_t,7.24,6.664175149664426,4.728873856087678,8.609976694219865
2026-02-09,2026-02-17,5,ou_t,7.24,5.741059985332123,3.2387193229112516,8.243400647752996
2026-02-09,2026-03-10,20,naive,6.13,6.66,1.64881371979643,11.671186280203571
2026-02-09,2026-03-10,20,ar1_t,6.13,6.664169861484803,2.717375328327544,10.640347611808904
2026-02-09,2026-03-10,20,ou_t,6.13,4.625946983735589,1.4949637652868852,7.756930202184293
