observation_date,value
2018-11-01,60.24
2018-11-02,60.86
2018-11-05,61.44
2018-11-06,62.24
2018-11-07,64.72
2018-11-08,64.51
2018-11-09,64.07
2018-11-12,63.81
2018-11-13,62.64
2018-11-14,63.41
2018-11-15,62.01
2018-11-16,62.19
2018-11-19,62.78
2018-11-20,61.30
2018-11-21,62.49
2018-11-23,63.26
2018-11-26,63.37
2018-11-27,64.06
2018-11-28,63.91
2018-11-29,64.85
2018-11-30,63.35
2018-12-03,64.73
2018-12-04,64.85
2018-12-06,63.50
2018-12-07,63.16
2018-12-10,61.71
2018-12-11,61.79
2018-12-12,61.83
2018-12-13,62.50
2018-12-14,61.90
2018-12-17,62.00
2018-12-18,60.71
2018-12-19,61.55
2018-12-20,60.57
2018-12-21,60.70
2018-12-24,59.50
2018-12-26,62.46
2018-12-27,60.94
2018-12-28,60.79
2018-12-31,61.37
2019-01-02,61.97
2019-01-03,62.34
2019-01-04,62.37
2019-01-07,62.34
2019-01-08,63.53
2019-01-09,64.69
2019-01-10,64.44
2019-01-11,63.70
2019-01-14,63.21
2019-01-15,63.96
2019-01-16,63.71
2019-01-17,62.93
2019-01-18,62.47
2019-01-22,62.65
2019-01-23,62.53
2019-01-24,62.55
2019-01-25,62.75
2019-01-28,62.25
2019-01-29,62.86
2019-01-30,62.45
2019-01-31,61.66
2019-02-01,63.01
2019-02-04,62.56
2019-02-05,61.95
2019-02-06,61.59
2019-02-07,61.43
2019-02-08,61.20
2019-02-11,61.00
2019-02-12,61.17
2019-02-13,61.56
2019-02-14,61.83
2019-02-15,61.95
2019-02-19,62.20
2019-02-20,61.97
2019-02-21,61.93
2019-02-22,61.78
2019-02-25,61.07
2019-02-26,60.89
2019-02-27,61.06
2019-02-28,60.94
2019-03-01,60.56
2019-03-04,61.55
2019-03-05,61.51
2019-03-06,61.29
2019-03-07,60.92
2019-03-08,61.05
2019-03-11,61.02
2019-03-12,61.17
2019-03-13,61.68
2019-03-14,61.16
2019-03-15,61.13
2019-03-18,61.03
2019-03-19,60.98
2019-03-20,60.94
2019-03-21,60.96
2019-03-22,60.80
2019-03-25,60.90
2019-03-26,60.78
2019-03-27,60.56
2019-03-28,60.69
2019-03-29,60.48
2019-04-01,60.53
2019-04-02,60.33
2019-04-03,60.77
2019-04-04,60.67
2019-04-05,60.55
2019-04-08,60.55
2019-04-09,60.77
2019-04-10,60.96
2019-04-11,60.93
2019-04-12,61.35
2019-04-15,61.91
2019-04-16,61.93
2019-04-17,61.74
2019-04-18,61.62
2019-04-22,61.65
2019-04-23,61.99
2019-04-24,61.92
2019-04-25,61.54
2019-04-26,61.44
2019-04-29,61.15
2019-04-30,61.08
2019-05-01,61.43
2019-05-02,60.62
2019-05-03,60.41
2019-05-06,61.00
2019-05-07,60.18
2019-05-08,60.76
2019-05-09,60.34
2019-05-10,60.02
2019-05-13,59.89
2019-05-14,60.05
2019-05-15,60.16
2019-05-16,60.04
2019-05-17,59.72
2019-05-20,60.13
2019-05-21,60.09
2019-05-22,59.88
2019-05-23,59.06
2019-05-24,60.25
2019-05-28,60.39
2019-05-29,60.76
2019-05-30,59.62
2019-05-31,59.12
2019-06-03,59.46
2019-06-04,59.21
2019-06-05,58.09
2019-06-06,59.02
2019-06-07,60.03
2019-06-10,60.45
2019-06-11,60.91
2019-06-12,59.65
2019-06-13,60.28
2019-06-14,60.43
2019-06-17,60.21
2019-06-18,60.86
2019-06-19,60.50
2019-06-20,61.17
2019-06-21,61.07
2019-06-24,61.25
2019-06-25,61.47
2019-06-26,61.48
2019-06-27,61.38
2019-06-28,60.95
2019-07-01,60.92
2019-07-02,60.30
2019-07-03,61.04
2019-07-05,60.53
2019-07-08,60.86
2019-07-09,61.42
2019-07-10,61.87
2019-07-11,61.19
2019-07-12,60.65
2019-07-15,60.32
2019-07-16,59.57
2019-07-17,59.75
2019-07-18,58.89
2019-07-19,60.00
2019-07-22,60.09
2019-07-23,59.88
2019-07-24,59.42
2019-07-25,59.68
2019-07-26,60.11
2019-07-29,59.37
2019-07-30,59.64
2019-07-31,59.93
2019-08-01,58.19
2019-08-02,59.71
2019-08-05,59.75
2019-08-06,59.39
2019-08-07,59.72
2019-08-08,59.85
2019-08-09,60.24
2019-08-12,60.36
2019-08-13,62.03
2019-08-14,60.53
2019-08-15,59.94
2019-08-16,59.89
2019-08-19,59.91
2019-08-20,59.78
2019-08-21,59.91
2019-08-22,59.45
2019-08-23,59.53
2019-08-26,59.52
2019-08-27,60.02
2019-08-28,59.91
2019-08-29,59.89
2019-08-30,59.19
2019-09-03,59.33
2019-09-04,60.06
2019-09-05,60.06
2019-09-06,60.06
2019-09-09,60.20
2019-09-10,60.44
2019-09-11,59.71
2019-09-12,59.48
2019-09-13,58.77
2019-09-16,59.57
2019-09-17,59.35
2019-09-18,58.76
2019-09-19,58.48
2019-09-20,58.86
2019-09-23,59.55
2019-09-24,59.03
2019-09-25,59.28
2019-09-26,59.50
2019-09-27,59.33
2019-09-30,58.87
2019-10-01,59.20
2019-10-02,59.23
2019-10-03,58.88
2019-10-04,59.76
2019-10-07,59.50
2019-10-08,59.36
2019-10-09,59.30
2019-10-10,58.79
2019-10-11,58.54
2019-10-14,58.66
2019-10-15,58.19
2019-10-16,58.43
2019-10-17,58.39
2019-10-18,58.20
2019-10-21,58.46
2019-10-22,58.45
2019-10-23,58.87
2019-10-24,59.04
2019-10-25,59.20
2019-10-28,58.99
2019-10-29,59.17
2019-10-30,58.38
2019-10-31,58.50
2019-11-01,59.74
2019-11-04,59.45
2019-11-05,59.64
2019-11-06,58.83
2019-11-07,58.76
2019-11-08,59.05
2019-11-11,58.84
2019-11-12,58.92
2019-11-13,59.10
2019-11-14,58.48
2019-11-15,58.88
2019-11-18,58.65
2019-11-19,58.28
2019-11-20,58.87
2019-11-21,59.21
2019-11-22,58.70
2019-11-25,58.74
2019-11-26,58.65
2019-11-27,58.17
2019-11-29,57.42
2019-12-02,58.12
2019-12-03,58.18
2019-12-04,58.77
2019-12-05,58.36
2019-12-06,58.06
2019-12-09,58.14
2019-12-10,58.12
2019-12-11,57.97
2019-12-12,58.12
2019-12-13,57.87
2019-12-16,58.27
2019-12-17,57.97
2019-12-18,58.01
2019-12-19,58.24
2019-12-20,58.21
2019-12-23,58.24
2019-12-24,58.38
2019-12-26,58.31
2019-12-27,58.58
2019-12-30,58.72
2019-12-31,58.39
2020-01-02,58.81
2020-01-03,58.39
2020-01-06,58.36
2020-01-07,58.75
2020-01-08,58.20
2020-01-09,58.40
2020-01-10,58.03
2020-01-13,57.96
2020-01-14,58.09
2020-01-15,57.96
2020-01-16,58.10
2020-01-17,58.08
2020-01-21,58.39
2020-01-22,57.97
2020-01-23,57.05
2020-01-24,56.51
2020-01-27,56.82
2020-01-28,56.65
2020-01-29,56.66
2020-01-30,56.81
2020-01-31,56.90
2020-02-03,57.17
2020-02-04,56.97
2020-02-05,57.21
2020-02-06,57.78
2020-02-07,57.87
2020-02-10,57.77
2020-02-11,57.31
2020-02-12,57.00
2020-02-13,56.60
2020-02-14,56.67
2020-02-18,57.51
2020-02-19,57.55
2020-02-20,57.77
2020-02-21,57.69
2020-02-24,57.80
2020-02-25,56.67
2020-02-26,56.29
2020-02-27,56.30
2020-02-28,55.05
2020-03-02,55.78
2020-03-03,56.02
2020-03-04,56.14
2020-03-05,55.89
2020-03-06,55.54
2020-03-09,52.74
2020-03-10,53.71
2020-03-11,54.12
2020-03-12,54.92
2020-03-13,53.94
2020-03-16,51.66
2020-03-17,51.64
2020-03-18,49.16
2020-03-19,48.43
2020-03-20,47.51
2020-03-23,48.84
2020-03-24,49.47
2020-03-25,50.47
2020-03-26,49.92
2020-03-27,50.55
2020-03-30,50.97
2020-03-31,51.00
2020-04-01,50.24
2020-04-02,50.89
2020-04-03,50.44
2020-04-06,51.78
2020-04-07,53.06
2020-04-08,52.48
2020-04-09,52.56
2020-04-13,52.63
2020-04-14,53.51
2020-04-15,51.87
2020-04-16,51.83
2020-04-17,51.72
2020-04-20,51.89
2020-04-21,49.53
2020-04-22,51.25
2020-04-23,50.75
2020-04-24,50.34
2020-04-27,50.08
2020-04-28,50.21
2020-04-29,50.00
2020-04-30,51.13
2020-05-01,50.23
2020-05-04,49.55
2020-05-05,49.91
2020-05-06,49.69
2020-05-07,50.34
2020-05-08,52.23
2020-05-11,51.08
2020-05-12,51.08
2020-05-13,51.41
2020-05-14,51.50
2020-05-15,51.36
2020-05-18,52.33
2020-05-19,51.82
2020-05-20,52.54
2020-05-21,52.31
2020-05-22,52.22
2020-05-26,53.37
2020-05-27,53.29
2020-05-28,54.05
2020-05-29,54.09
2020-06-01,54.27
2020-06-02,54.56
2020-06-03,54.63
2020-06-04,54.95
2020-06-05,55.22
2020-06-08,53.77
2020-06-09,54.32
2020-06-10,54.45
2020-06-11,52.24
2020-06-12,51.61
2020-06-15,52.60
2020-06-16,52.66
2020-06-17,51.85
2020-06-18,51.57
2020-06-19,51.38
2020-06-22,51.97
2020-06-23,51.69
2020-06-24,50.64
2020-06-25,50.93
2020-06-26,50.98
2020-06-29,51.97
2020-06-30,51.20
2020-07-01,51.59
2020-07-02,52.14
2020-07-06,52.32
2020-07-07,52.35
2020-07-08,53.05
2020-07-09,53.12
2020-07-10,53.28
2020-07-13,52.91
2020-07-14,53.26
2020-07-15,53.40
2020-07-16,53.13
2020-07-17,53.04
2020-07-20,53.12
2020-07-21,53.29
2020-07-22,53.32
2020-07-23,52.95
2020-07-24,53.60
2020-07-27,54.01
2020-07-28,53.75
2020-07-29,53.91
2020-07-30,53.02
2020-07-31,53.31
2020-08-03,54.19
2020-08-04,54.09
2020-08-05,54.10
2020-08-06,53.98
2020-08-07,53.44
2020-08-10,53.64
2020-08-11,53.44
2020-08-12,53.87
2020-08-13,53.71
2020-08-14,53.56
2020-08-17,54.25
2020-08-18,54.04
2020-08-19,54.24
2020-08-20,54.10
2020-08-21,53.74
2020-08-24,54.36
2020-08-25,54.63
2020-08-26,54.60
2020-08-27,54.09
2020-08-28,54.76
2020-08-31,54.02
2020-09-01,54.35
2020-09-02,53.77
2020-09-03,54.18
2020-09-04,53.78
2020-09-08,52.21
2020-09-09,52.80
2020-09-10,52.64
2020-09-11,52.52
2020-09-14,52.86
2020-09-15,53.74
2020-09-16,53.76
2020-09-17,53.89
2020-09-18,53.65
2020-09-21,52.60
2020-09-22,52.62
2020-09-23,52.60
2020-09-24,52.84
2020-09-25,52.55
2020-09-28,52.45
2020-09-29,51.35
2020-09-30,51.66
2020-10-01,51.16
2020-10-02,50.17
2020-10-05,51.17
2020-10-06,51.70
2020-10-07,51.02
2020-10-08,51.37
2020-10-09,50.66
2020-10-12,49.99
2020-10-13,50.24
2020-10-14,50.53
2020-10-15,50.82
2020-10-16,50.75
2020-10-19,50.63
2020-10-20,50.89
2020-10-21,49.87
2020-10-22,50.20
2020-10-23,49.65
2020-10-26,49.01
2020-10-27,49.47
2020-10-28,48.42
2020-10-29,47.54
2020-10-30,47.98
2020-11-02,48.91
2020-11-03,48.79
2020-11-04,49.50
2020-11-05,49.15
2020-11-06,48.33
2020-11-09,49.69
2020-11-10,49.67
2020-11-11,50.13
2020-11-12,49.93
2020-11-13,49.32
2020-11-16,49.59
2020-11-17,49.43
2020-11-18,49.61
2020-11-19,49.27
2020-11-20,49.38
2020-11-23,49.64
2020-11-24,49.64
2020-11-25,50.52
2020-11-27,50.43
2020-11-30,50.12
2020-12-01,48.93
2020-12-02,48.27
2020-12-03,47.21
2020-12-04,47.90
2020-12-07,47.92
2020-12-08,48.08
2020-12-09,47.90
2020-12-10,48.16
2020-12-11,47.98
2020-12-14,48.55
2020-12-15,49.02
2020-12-16,49.11
2020-12-17,49.62
2020-12-18,49.70
2020-12-21,49.19
2020-12-22,48.82
2020-12-23,49.42
2020-12-24,49.67
2020-12-28,49.15
2020-12-29,49.40
2020-12-30,49.39
2020-12-31,49.22
2021-01-04,48.86
2021-01-05,49.00
2021-01-06,48.45
2021-01-07,48.83
2021-01-08,49.32
2021-01-11,49.53
2021-01-12,49.81
2021-01-13,50.42
2021-01-14,50.62
2021-01-15,50.53
2021-01-19,50.55
2021-01-20,50.34
2021-01-21,50.28
2021-01-22,49.97
2021-01-25,50.20
2021-01-26,50.07
2021-01-27,50.34
2021-01-28,50.00
2021-01-29,49.95
2021-02-01,50.40
2021-02-02,50.63
2021-02-03,50.59
2021-02-04,50.68
2021-02-05,50.92
2021-02-08,51.74
2021-02-09,51.94
2021-02-10,52.20
2021-02-11,52.18
2021-02-12,52.42
2021-02-16,52.74
2021-02-17,53.05
2021-02-18,53.16
2021-02-19,53.47
2021-02-22,54.40
2021-02-23,54.48
2021-02-24,55.26
2021-02-25,55.02
2021-02-26,54.04
2021-03-01,53.69
2021-03-02,54.08
2021-03-03,54.62
2021-03-04,55.08
2021-03-05,56.11
2021-03-08,55.50
2021-03-09,55.14
2021-03-10,54.95
2021-03-11,55.25
2021-03-12,55.17
2021-03-15,54.99
2021-03-16,54.93
2021-03-17,55.24
2021-03-18,54.31
2021-03-19,54.07
2021-03-22,54.22
2021-03-23,53.52
2021-03-24,54.10
2021-03-25,52.72
2021-03-26,53.92
2021-03-29,53.75
2021-03-30,53.55
2021-03-31,52.95
2021-04-01,55.25
2021-04-05,54.99
2021-04-06,55.53
2021-04-07,55.49
2021-04-08,54.74
2021-04-09,55.07
2021-04-12,55.64
2021-04-13,55.91
2021-04-14,56.93
2021-04-15,56.57
2021-04-16,56.21
2021-04-19,56.27
2021-04-20,55.76
2021-04-21,55.39
2021-04-22,55.91
2021-04-23,56.46
2021-04-26,56.59
2021-04-27,57.14
2021-04-28,57.42
2021-04-29,57.79
2021-04-30,57.05
2021-05-03,57.35
2021-05-04,58.07
2021-05-05,58.42
2021-05-06,58.59
2021-05-07,58.85
2021-05-10,59.02
2021-05-11,59.30
2021-05-12,59.63
2021-05-13,57.83
2021-05-14,58.01
2021-05-17,57.98
2021-05-18,58.11
2021-05-19,57.12
2021-05-20,56.84
2021-05-21,57.35
2021-05-24,58.16
2021-05-25,58.10
2021-05-26,58.13
2021-05-27,58.05
2021-05-28,57.72
2021-06-01,58.38
2021-06-02,58.64
2021-06-03,58.52
2021-06-04,58.75
2021-06-07,58.98
2021-06-08,59.44
2021-06-09,59.43
2021-06-10,59.33
2021-06-11,59.31
2021-06-14,59.14
2021-06-15,59.50
2021-06-16,59.83
2021-06-17,58.90
2021-06-18,59.37
2021-06-21,60.13
2021-06-22,60.24
2021-06-23,60.04
2021-06-24,60.05
2021-06-25,59.73
2021-06-28,59.16
2021-06-29,59.33
2021-06-30,59.13
2021-07-01,59.41
2021-07-02,59.67
2021-07-06,58.28
2021-07-07,57.73
2021-07-08,57.57
2021-07-09,58.17
2021-07-12,58.39
2021-07-13,59.45
2021-07-14,58.64
2021-07-15,58.51
2021-07-16,59.20
2021-07-19,56.74
2021-07-20,56.67
2021-07-21,58.15
2021-07-22,58.29
2021-07-23,58.19
2021-07-26,57.64
2021-07-27,57.78
2021-07-28,58.44
2021-07-29,59.21
2021-07-30,58.97
2021-08-02,58.01
2021-08-03,58.14
2021-08-04,57.61
2021-08-05,58.28
2021-08-06,58.66
2021-08-09,58.26
2021-08-10,58.72
2021-08-11,59.13
2021-08-12,59.04
2021-08-13,58.83
2021-08-16,58.79
2021-08-17,58.09
2021-08-18,58.09
2021-08-19,57.69
2021-08-20,56.90
2021-08-23,58.40
2021-08-24,58.61
2021-08-25,58.47
2021-08-26,58.18
2021-08-27,58.66
2021-08-30,58.19
2021-08-31,57.89
2021-09-01,57.88
2021-09-02,57.74
2021-09-03,57.84
2021-09-07,58.17
2021-09-08,57.76
2021-09-09,57.54
2021-09-10,58.32
2021-09-13,58.33
2021-09-14,58.36
2021-09-15,58.41
2021-09-16,58.51
2021-09-17,57.90
2021-09-20,57.27
2021-09-21,57.99
2021-09-22,58.23
2021-09-23,58.69
2021-09-24,58.79
2021-09-27,59.91
2021-09-28,60.01
2021-09-29,60.52
2021-09-30,59.99
2021-10-01,60.86
2021-10-04,61.23
2021-10-05,61.52
2021-10-06,60.14
2021-10-07,60.53
2021-10-08,60.98
2021-10-11,62.06
2021-10-12,62.68
2021-10-13,63.02
2021-10-14,63.04
2021-10-15,62.62
2021-10-18,62.52
2021-10-19,62.24
2021-10-20,63.34
2021-10-21,63.33
2021-10-22,63.83
2021-10-25,64.79
2021-10-26,65.00
2021-10-27,64.39
2021-10-28,64.00
2021-10-29,62.68
2021-11-01,62.99
2021-11-02,62.95
2021-11-03,62.85
2021-11-04,64.57
2021-11-05,65.68
2021-11-08,66.28
2021-11-09,66.38
2021-11-10,65.64
2021-11-11,66.18
2021-11-12,65.76
2021-11-15,66.04
2021-11-16,66.37
2021-11-17,66.12
2021-11-18,66.16
2021-11-19,64.95
2021-11-22,65.06
2021-11-23,65.82
2021-11-24,65.93
2021-11-26,64.16
2021-11-29,65.04
2021-11-30,62.21
2021-12-01,62.71
2021-12-02,62.88
2021-12-03,64.10
2021-12-06,65.12
2021-12-07,66.77
2021-12-08,67.14
2021-12-09,66.45
2021-12-10,66.22
2021-12-13,66.29
2021-12-14,66.03
2021-12-15,65.30
2021-12-16,64.83
2021-12-17,63.71
2021-12-20,63.15
2021-12-21,64.33
2021-12-22,63.84
2021-12-23,64.49
2021-12-27,65.31
2021-12-28,65.15
2021-12-29,65.66
2021-12-30,65.65
2021-12-31,64.39
2022-01-03,65.28
2022-01-04,66.06
2022-01-05,65.60
2022-01-06,65.92
2022-01-07,65.94
2022-01-10,65.56
2022-01-11,66.49
2022-01-12,66.26
2022-01-13,66.26
2022-01-14,66.61
2022-01-18,67.50
2022-01-19,67.66
2022-01-20,68.40
2022-01-21,68.94
2022-01-24,68.71
2022-01-25,69.63
2022-01-26,69.80
2022-01-27,69.30
2022-01-28,69.08
2022-01-31,69.60
2022-02-01,69.74
2022-02-02,69.94
2022-02-03,70.84
2022-02-04,71.30
2022-02-07,71.76
2022-02-08,71.33
2022-02-09,72.74
2022-02-10,73.22
2022-02-11,73.73
2022-02-14,73.80
2022-02-15,72.30
2022-02-16,72.70
2022-02-17,72.79
2022-02-18,73.06
2022-02-22,74.19
2022-02-23,75.22
2022-02-24,73.84
2022-02-25,72.33
2022-02-28,71.80
2022-03-01,73.11
2022-03-02,75.40
2022-03-03,76.12
2022-03-04,78.12
2022-03-07,77.21
2022-03-08,74.26
2022-03-09,73.73
2022-03-10,73.82
2022-03-11,75.52
2022-03-14,74.16
2022-03-15,75.29
2022-03-16,73.64
2022-03-17,75.55
2022-03-18,75.57
2022-03-21,76.57
2022-03-22,76.35
2022-03-23,76.51
2022-03-24,74.98
2022-03-25,75.81
2022-03-28,75.22
2022-03-29,75.11
2022-03-30,75.45
2022-03-31,76.25
2022-04-01,78.38
2022-04-04,78.97
2022-04-05,78.26
2022-04-06,77.43
2022-04-07,78.33
2022-04-08,78.09
2022-04-11,77.86
2022-04-12,78.14
2022-04-13,78.10
2022-04-14,76.77
2022-04-18,76.22
2022-04-19,75.52
2022-04-20,75.53
2022-04-21,76.83
2022-04-22,74.95
2022-04-25,74.47
2022-04-26,74.19
2022-04-27,73.27
2022-04-28,73.25
2022-04-29,72.28
2022-05-02,72.58
2022-05-03,72.76
2022-05-04,74.23
2022-05-05,74.37
2022-05-06,74.61
2022-05-09,72.66
2022-05-10,72.74
2022-05-11,75.58
2022-05-12,75.05
2022-05-13,74.33
2022-05-16,74.29
2022-05-17,75.42
2022-05-18,75.09
2022-05-19,75.71
2022-05-20,75.19
2022-05-23,76.12
2022-05-24,76.53
2022-05-25,76.84
2022-05-26,76.38
2022-05-27,76.34
2022-05-31,75.60
2022-06-01,75.39
2022-06-02,75.86
2022-06-03,75.85
2022-06-06,75.58
2022-06-07,77.05
2022-06-08,77.49
2022-06-09,77.94
2022-06-10,77.35
2022-06-13,78.00
2022-06-14,77.30
2022-06-15,76.88
2022-06-16,78.56
2022-06-17,77.54
2022-06-21,76.86
2022-06-22,75.76
2022-06-23,73.56
2022-06-24,75.74
2022-06-27,76.92
2022-06-28,78.72
2022-06-29,78.48
2022-06-30,75.86
2022-07-01,75.40
2022-07-05,72.01
2022-07-06,73.09
2022-07-07,74.04
2022-07-08,74.47
2022-07-11,76.16
2022-07-12,74.22
2022-07-13,75.02
2022-07-14,74.06
2022-07-15,75.14
2022-07-18,77.44
2022-07-19,77.44
2022-07-20,76.80
2022-07-21,75.69
2022-07-22,75.63
2022-07-25,76.60
2022-07-26,76.83
2022-07-27,78.08
2022-07-28,77.04
2022-07-29,77.71
2022-08-01,76.53
2022-08-02,77.98
2022-08-03,77.59
2022-08-04,75.66
2022-08-05,75.42
2022-08-08,77.01
2022-08-09,76.41
2022-08-10,77.56
2022-08-11,77.51
2022-08-12,77.29
2022-08-15,76.93
2022-08-16,76.23
2022-08-17,76.18
2022-08-18,75.39
2022-08-19,74.84
2022-08-22,74.62
2022-08-23,74.97
2022-08-24,74.47
2022-08-25,73.93
2022-08-26,74.03
2022-08-29,74.26
2022-08-30,72.92
2022-08-31,73.05
2022-09-01,71.40
2022-09-02,71.45
2022-09-06,71.42
2022-09-07,69.67
2022-09-08,69.76
2022-09-09,71.59
2022-09-12,72.56
2022-09-13,72.60
2022-09-14,72.98
2022-09-15,71.14
2022-09-16,71.12
2022-09-19,70.88
2022-09-20,68.86
2022-09-21,68.51
2022-09-22,69.05
2022-09-23,67.28
2022-09-26,67.04
2022-09-27,67.53
2022-09-28,68.96
2022-09-29,68.14
2022-09-30,67.13
2022-10-03,68.45
2022-10-04,69.52
2022-10-05,70.68
2022-10-06,71.44
2022-10-07,72.17
2022-10-10,71.63
2022-10-11,71.25
2022-10-12,70.14
2022-10-13,70.58
2022-10-14,69.51
2022-10-17,70.32
2022-10-18,71.09
2022-10-19,71.84
2022-10-20,71.77
2022-10-21,71.42
2022-10-24,70.70
2022-10-25,71.79
2022-10-26,72.52
2022-10-27,73.17
2022-10-28,72.45
2022-10-31,72.88
2022-11-01,72.81
2022-11-02,73.67
2022-11-03,72.99
2022-11-04,74.06
2022-11-07,74.14
2022-11-08,73.19
2022-11-09,72.05
2022-11-10,71.75
2022-11-11,73.38
2022-11-14,73.21
2022-11-15,74.45
2022-11-16,73.15
2022-11-17,72.90
2022-11-18,72.73
2022-11-21,73.31
2022-11-22,73.22
2022-11-23,72.90
2022-11-25,72.71
2022-11-28,73.29
2022-11-29,73.59
2022-11-30,74.44
2022-12-01,74.47
2022-12-02,74.71
2022-12-05,73.69
2022-12-06,72.05
2022-12-07,70.86
2022-12-08,70.19
2022-12-09,70.78
2022-12-12,71.60
2022-12-13,71.29
2022-12-14,71.39
2022-12-15,70.02
2022-12-16,69.66
2022-12-19,69.86
2022-12-20,70.31
2022-12-21,70.59
2022-12-22,69.96
2022-12-23,71.37
2022-12-27,71.55
2022-12-28,71.80
2022-12-29,70.77
2022-12-30,71.79
2023-01-03,70.19
2023-01-04,69.53
2023-01-05,69.63
2023-01-06,69.96
2023-01-09,71.04
2023-01-10,70.76
2023-01-11,71.67
2023-01-12,71.82
2023-01-13,72.20
2023-01-17,71.28
2023-01-18,71.07
2023-01-19,71.69
2023-01-20,72.15
2023-01-23,72.66
2023-01-24,71.69
2023-01-25,71.34
2023-01-26,71.33
2023-01-27,70.76
2023-01-30,70.53
2023-01-31,71.52
2023-02-01,70.39
2023-02-02,70.38
2023-02-03,68.93
2023-02-06,69.41
2023-02-07,70.09
2023-02-08,70.77
2023-02-09,70.36
2023-02-10,71.09
2023-02-13,71.62
2023-02-14,71.52
2023-02-15,71.78
2023-02-16,71.92
2023-02-17,70.92
2023-02-21,71.25
2023-02-22,70.88
2023-02-23,70.85
2023-02-24,70.65
2023-02-27,69.74
2023-02-28,69.37
2023-03-01,69.83
2023-03-02,69.98
2023-03-03,70.82
2023-03-06,71.04
2023-03-07,69.69
2023-03-08,69.66
2023-03-09,69.32
2023-03-10,69.46
2023-03-13,68.83
2023-03-14,68.02
2023-03-15,67.01
2023-03-16,67.89
2023-03-17,67.85
2023-03-20,68.23
2023-03-21,68.24
2023-03-22,68.64
2023-03-23,68.58
2023-03-24,68.36
2023-03-27,69.66
2023-03-28,69.71
2023-03-29,69.52
2023-03-30,69.31
2023-03-31,69.54
2023-04-03,70.00
2023-04-04,69.94
2023-04-05,70.26
2023-04-06,70.13
2023-04-10,69.68
2023-04-11,70.16
2023-04-12,70.88
2023-04-13,70.79
2023-04-14,70.95
2023-04-17,70.69
2023-04-18,71.06
2023-04-19,70.48
2023-04-20,69.65
2023-04-21,70.83
2023-04-24,71.31
2023-04-25,69.99
2023-04-26,69.43
2023-04-27,69.07
2023-04-28,70.33
2023-05-01,69.59
2023-05-02,68.48
2023-05-03,67.32
2023-05-04,66.63
2023-05-05,67.95
2023-05-08,69.04
2023-05-09,69.59
2023-05-10,69.29
2023-05-11,68.12
2023-05-12,67.82
2023-05-15,68.43
2023-05-16,68.28
2023-05-17,69.58
2023-05-18,69.39
2023-05-19,68.26
2023-05-22,68.18
2023-05-23,68.67
2023-05-24,69.39
2023-05-25,68.11
2023-05-26,68.87
2023-05-30,67.26
2023-05-31,66.71
2023-06-01,67.48
2023-06-02,68.35
2023-06-05,67.95
2023-06-06,67.67
2023-06-07,68.06
2023-06-08,67.26
2023-06-09,67.30
2023-06-12,66.08
2023-06-13,67.84
2023-06-14,67.15
2023-06-15,68.76
2023-06-16,69.25
2023-06-20,68.87
2023-06-21,69.48
2023-06-22,68.10
2023-06-23,67.77
2023-06-26,68.05
2023-06-27,68.02
2023-06-28,68.46
2023-06-29,68.36
2023-06-30,68.81
2023-07-03,67.75
2023-07-05,69.03
2023-07-06,68.57
2023-07-07,69.03
2023-07-10,69.42
2023-07-11,70.20
2023-07-12,70.48
2023-07-13,71.09
2023-07-14,70.31
2023-07-17,70.32
2023-07-18,70.96
2023-07-19,71.44
2023-07-20,71.36
2023-07-21,71.84
2023-07-24,72.49
2023-07-25,72.58
2023-07-26,72.46
2023-07-27,72.95
2023-07-28,73.41
2023-07-31,73.75
2023-08-01,73.45
2023-08-02,72.35
2023-08-03,73.39
2023-08-04,74.02
2023-08-07,74.10
2023-08-08,74.60
2023-08-09,74.95
2023-08-10,74.42
2023-08-11,74.24
2023-08-14,74.08
2023-08-15,73.54
2023-08-16,73.49
2023-08-17,73.84
2023-08-18,74.30
2023-08-21,74.39
2023-08-22,74.29
2023-08-23,73.89
2023-08-24,73.33
2023-08-25,73.77
2023-08-28,73.56
2023-08-29,74.16
2023-08-30,74.09
2023-08-31,74.51
2023-09-01,75.24
2023-09-05,75.72
2023-09-06,75.64
2023-09-07,75.89
2023-09-08,75.77
2023-09-11,75.88
2023-09-12,76.03
2023-09-13,75.92
2023-09-14,76.29
2023-09-15,75.88
2023-09-18,76.28
2023-09-19,76.37
2023-09-20,76.45
2023-09-21,76.67
2023-09-22,75.76
2023-09-25,76.05
2023-09-26,76.23
2023-09-27,76.53
2023-09-28,76.48
2023-09-29,76.17
2023-10-02,76.02
2023-10-03,75.98
2023-10-04,72.95
2023-10-05,71.96
2023-10-06,72.07
2023-10-09,73.27
2023-10-10,74.04
2023-10-11,74.34
2023-10-12,74.44
2023-10-13,76.09
2023-10-16,76.26
2023-10-17,76.48
2023-10-18,76.84
2023-10-19,76.48
2023-10-20,76.06
2023-10-23,75.56
2023-10-24,75.21
2023-10-25,76.09
2023-10-26,75.55
2023-10-27,76.28
2023-10-30,75.33
2023-10-31,74.98
2023-11-01,74.64
2023-11-02,75.54
2023-11-03,74.72
2023-11-06,75.32
2023-11-07,73.03
2023-11-08,72.01
2023-11-09,72.45
2023-11-10,73.28
2023-11-13,73.91
2023-11-14,73.55
2023-11-15,73.25
2023-11-16,71.23
2023-11-17,73.15
2023-11-20,74.05
2023-11-21,73.92
2023-11-22,73.41
2023-11-24,72.65
2023-11-27,72.28
2023-11-28,72.97
2023-11-29,73.73
2023-11-30,72.49
2023-12-01,71.69
2023-12-04,71.92
2023-12-05,71.33
2023-12-06,70.25
2023-12-07,70.28
2023-12-08,71.13
2023-12-11,71.54
2023-12-12,70.15
2023-12-13,70.93
2023-12-14,72.20
2023-12-15,72.08
2023-12-18,72.53
2023-12-19,73.04
2023-12-20,72.78
2023-12-21,72.22
2023-12-22,71.54
2023-12-26,72.28
2023-12-27,71.95
2023-12-28,70.73
2023-12-29,70.51
2024-01-02,70.30
2024-01-03,71.61
2024-01-04,70.95
2024-01-05,71.40
2024-01-08,70.21
2024-01-09,70.63
2024-01-10,70.30
2024-01-11,70.76
2024-01-12,71.61
2024-01-16,71.19
2024-01-17,70.98
2024-01-18,71.50
2024-01-19,71.03
2024-01-22,72.11
2024-01-23,71.96
2024-01-24,72.20
2024-01-25,73.03
2024-01-26,73.67
2024-01-29,72.87
2024-01-30,73.45
2024-01-31,72.40
2024-02-01,71.12
2024-02-02,70.46
2024-02-05,71.06
2024-02-06,71.03
2024-02-07,71.35
2024-02-08,72.29
2024-02-09,72.74
2024-02-12,72.88
2024-02-13,73.03
2024-02-14,72.53
2024-02-15,72.89
2024-02-16,73.10
2024-02-20,72.14
2024-02-21,72.30
2024-02-22,72.55
2024-02-23,71.92
2024-02-26,72.21
2024-02-27,72.53
2024-02-28,72.30
2024-02-29,72.14
2024-03-01,72.42
2024-03-04,72.79
2024-03-05,72.21
2024-03-06,72.28
2024-03-07,72.53
2024-03-08,72.11
2024-03-11,72.61
2024-03-12,72.42
2024-03-13,73.36
2024-03-14,73.74
2024-03-15,74.10
2024-03-18,74.44
2024-03-19,74.67
2024-03-20,74.28
2024-03-21,74.22
2024-03-22,73.86
2024-03-25,74.46
2024-03-26,74.35
2024-03-27,74.33
2024-03-28,74.85
2024-04-01,74.86
2024-04-02,75.12
2024-04-03,75.52
2024-04-04,75.84
2024-04-05,75.82
2024-04-08,75.68
2024-04-09,75.20
2024-04-10,75.58
2024-04-11,75.73
2024-04-12,76.28
2024-04-15,76.49
2024-04-16,76.78
2024-04-17,75.48
2024-04-18,75.31
2024-04-19,75.06
2024-04-22,74.86
2024-04-23,75.43
2024-04-24,75.66
2024-04-25,75.90
2024-04-26,76.14
2024-04-29,75.67
2024-04-30,75.28
2024-05-01,73.47
2024-05-02,73.99
2024-05-03,74.12
2024-05-06,74.50
2024-05-07,74.20
2024-05-08,73.96
2024-05-09,74.16
2024-05-10,73.65
2024-05-13,73.98
2024-05-14,73.89
2024-05-15,74.07
2024-05-16,74.42
2024-05-17,74.90
2024-05-20,75.12
2024-05-21,74.84
2024-05-22,73.96
2024-05-23,73.67
2024-05-24,73.90
2024-05-28,75.09
2024-05-29,74.83
2024-05-30,74.07
2024-05-31,74.36
2024-06-03,72.88
2024-06-04,71.71
2024-06-05,71.76
2024-06-06,72.61
2024-06-07,72.95
2024-06-10,74.02
2024-06-11,74.44
2024-06-12,74.66
2024-06-13,74.64
2024-06-14,74.31
2024-06-17,74.37
2024-06-18,75.25
2024-06-20,75.52
2024-06-21,75.07
2024-06-24,75.76
2024-06-25,75.42
2024-06-26,75.76
2024-06-27,75.76
2024-06-28,75.53
2024-07-01,76.46
2024-07-02,76.45
2024-07-03,77.05
2024-07-05,76.51
2024-07-08,76.39
2024-07-09,75.55
2024-07-10,75.53
2024-07-11,75.47
2024-07-12,75.41
2024-07-15,75.20
2024-07-16,74.54
2024-07-17,75.02
2024-07-18,75.14
2024-07-19,73.65
2024-07-22,73.97
2024-07-23,72.89
2024-07-24,73.47
2024-07-25,73.80
2024-07-26,73.28
2024-07-29,72.86
2024-07-30,72.46
2024-07-31,73.75
2024-08-01,73.02
2024-08-02,71.25
2024-08-05,71.41
2024-08-06,71.11
2024-08-07,71.98
2024-08-08,72.64
2024-08-09,72.97
2024-08-12,74.46
2024-08-13,73.58
2024-08-14,73.22
2024-08-15,73.81
2024-08-16,73.04
2024-08-19,72.15
2024-08-20,71.55
2024-08-21,70.96
2024-08-22,71.45
2024-08-23,72.49
2024-08-26,73.46
2024-08-27,72.67
2024-08-28,71.95
2024-08-29,72.74
2024-08-30,71.71
2024-09-03,70.06
2024-09-04,69.74
2024-09-05,70.19
2024-09-06,69.46
2024-09-09,69.61
2024-09-10,67.85
2024-09-11,68.68
2024-09-12,69.61
2024-09-13,69.19
2024-09-16,69.92
2024-09-17,70.50
2024-09-18,70.40
2024-09-19,70.89
2024-09-20,70.79
2024-09-23,70.77
2024-09-24,71.67
2024-09-25,70.82
2024-09-26,69.99
2024-09-27,70.11
2024-09-30,70.38
2024-10-01,71.53
2024-10-02,71.50
2024-10-03,73.61
2024-10-04,73.28
2024-10-07,75.07
2024-10-08,73.42
2024-10-09,72.74
2024-10-10,73.90
2024-10-11,73.95
2024-10-14,73.31
2024-10-15,71.14
2024-10-16,70.70
2024-10-17,70.98
2024-10-18,70.23
2024-10-21,71.01
2024-10-22,72.05
2024-10-23,71.21
2024-10-24,71.03
2024-10-25,72.01
2024-10-28,68.97
2024-10-29,68.93
2024-10-30,69.86
2024-10-31,70.02
2024-11-01,70.27
2024-11-04,71.03
2024-11-05,71.28
2024-11-06,71.13
2024-11-07,71.61
2024-11-08,70.82
2024-11-11,69.59
2024-11-12,69.44
2024-11-13,69.46
2024-11-14,69.46
2024-11-15,68.46
2024-11-18,70.17
2024-11-19,70.40
2024-11-20,69.97
2024-11-21,70.38
2024-11-22,70.92
2024-11-25,69.46
2024-11-26,69.58
2024-11-27,69.37
2024-11-29,69.00
2024-12-02,69.06
2024-12-03,70.18
2024-12-04,69.19
2024-12-05,68.99
2024-12-06,68.62
2024-12-09,69.43
2024-12-10,69.37
2024-12-11,69.90
2024-12-12,69.99
2024-12-13,70.51
2024-12-16,70.16
2024-12-17,69.58
2024-12-18,69.41
2024-12-19,68.85
2024-12-20,69.00
2024-12-23,68.97
2024-12-24,69.50
2024-12-26,69.16
2024-12-27,69.52
2024-12-30,69.82
2024-12-31,70.33
2025-01-02,70.94
2025-01-03,71.12
2025-01-06,71.17
2025-01-07,71.44
2025-01-08,70.95
2025-01-09,71.13
2025-01-10,71.89
2025-01-13,71.53
2025-01-14,71.83
2025-01-15,72.33
2025-01-16,71.72
2025-01-17,71.53
2025-01-21,71.57
2025-01-22,71.59
2025-01-23,71.55
2025-01-24,71.28
2025-01-27,70.28
2025-01-28,70.01
2025-01-29,69.64
2025-01-30,69.76
2025-01-31,69.63
2025-02-03,69.58
2025-02-04,70.10
2025-02-05,69.30
2025-02-06,69.48
2025-02-07,69.82
2025-02-10,70.41
2025-02-11,71.43
2025-02-12,70.31
2025-02-13,70.09
2025-02-14,70.15
2025-02-18,70.58
2025-02-19,70.80
2025-02-20,71.15
2025-02-21,69.80
2025-02-24,69.85
2025-02-25,68.52
2025-02-26,68.00
2025-02-27,68.84
2025-02-28,68.19
2025-03-03,67.70
2025-03-04,67.49
2025-03-05,66.25
2025-03-06,66.09
2025-03-07,66.84
2025-03-10,65.75
2025-03-11,65.88
2025-03-12,67.03
2025-03-13,66.32
2025-03-14,66.75
2025-03-17,67.17
2025-03-18,67.00
2025-03-19,67.08
2025-03-20,67.80
2025-03-21,67.72
2025-03-24,68.16
2025-03-25,68.18
2025-03-26,68.59
2025-03-27,68.90
2025-03-28,68.11
2025-03-31,69.26
2025-04-01,69.37
2025-04-02,69.56
2025-04-03,66.33
2025-04-04,63.23
2025-04-07,63.07
2025-04-08,61.62
2025-04-09,63.31
2025-04-10,62.17
2025-04-11,62.69
2025-04-14,63.20
2025-04-15,62.77
2025-04-16,63.34
2025-04-17,64.97
2025-04-21,63.60
2025-04-22,64.56
2025-04-23,63.91
2025-04-24,64.52
2025-04-25,64.74
2025-04-28,64.21
2025-04-29,63.37
2025-04-30,61.30
2025-05-01,62.04
2025-05-02,61.77
2025-05-05,61.10
2025-05-06,62.60
2025-05-07,61.69
2025-05-08,62.85
2025-05-09,63.36
2025-05-12,64.47
2025-05-13,65.47
2025-05-14,65.02
2025-05-15,64.08
2025-05-16,64.22
2025-05-19,63.98
2025-05-20,64.23
2025-05-21,64.01
2025-05-22,63.63
2025-05-23,63.83
2025-05-27,63.35
2025-05-28,63.80
2025-05-29,62.80
2025-05-30,62.28
2025-06-02,63.47
2025-06-03,64.44
2025-06-04,63.84
2025-06-05,64.22
2025-06-06,64.86
2025-06-09,65.16
2025-06-10,65.01
2025-06-11,66.60
2025-06-12,66.30
2025-06-13,68.23
2025-06-16,68.51
2025-06-17,70.08
2025-06-18,69.94
2025-06-20,70.14
2025-06-23,67.79
2025-06-24,65.08
2025-06-25,64.66
2025-06-26,65.01
2025-06-27,64.86
2025-06-30,64.74
2025-07-01,64.94
2025-07-02,65.67
2025-07-03,65.59
2025-07-07,66.10
2025-07-08,66.69
2025-07-09,66.50
2025-07-10,65.73
2025-07-11,66.85
2025-07-14,66.51
2025-07-15,66.08
2025-07-16,65.90
2025-07-17,66.56
2025-07-18,66.56
2025-07-21,66.61
2025-07-22,66.21
2025-07-23,66.33
2025-07-24,66.64
2025-07-25,66.04
2025-07-28,67.26
2025-07-29,68.61
2025-07-30,68.88
2025-07-31,68.20
2025-08-01,66.45
2025-08-04,66.19
2025-08-05,65.47
2025-08-06,64.94
2025-08-07,64.88
2025-08-08,64.80
2025-08-11,65.09
2025-08-12,64.84
2025-08-13,64.58
2025-08-14,65.07
2025-08-15,64.58
2025-08-18,65.08
2025-08-19,64.58
2025-08-20,65.37
2025-08-21,65.99
2025-08-22,66.04
2025-08-25,66.79
2025-08-26,65.60
2025-08-27,65.93
2025-08-28,66.40
2025-08-29,65.86
2025-09-02,67.38
2025-09-03,66.33
2025-09-04,65.65
2025-09-05,64.53
2025-09-08,65.11
2025-09-09,65.45
2025-09-10,66.28
2025-09-11,65.29
2025-09-12,65.64
2025-09-15,66.07
2025-09-16,66.83
2025-09-17,66.21
2025-09-18,65.77
2025-09-19,64.96
2025-09-22,65.03
2025-09-23,65.70
2025-09-24,66.56
2025-09-25,66.76
2025-09-26,67.30
2025-09-29,65.77
2025-09-30,64.89
2025-10-01,64.48
2025-10-02,63.67
2025-10-03,63.88
2025-10-06,64.66
2025-10-07,64.43
2025-10-08,65.00
2025-10-09,64.31
2025-10-10,62.26
2025-10-13,63.00
2025-10-14,62.27
2025-10-15,62.01
2025-10-16,61.23
2025-10-17,61.75
2025-10-20,61.67
2025-10-21,61.55
2025-10-22,62.45
2025-10-23,63.71
2025-10-24,63.69
2025-10-27,63.66
2025-10-28,63.33
2025-10-29,63.67
2025-10-30,63.65
2025-10-31,63.67
2025-11-03,63.96
2025-11-04,63.78
2025-11-05,63.12
2025-11-06,62.93
2025-11-07,63.24
2025-11-10,63.60
2025-11-11,64.45
2025-11-12,62.30
2025-11-13,62.31
2025-11-14,63.22
2025-11-17,63.15
2025-11-18,63.61
2025-11-19,62.23
2025-11-20,62.00
2025-11-21,61.38
2025-11-24,62.06
2025-11-25,61.42
2025-11-26,61.97
2025-11-28,61.63
2025-12-01,62.41
2025-12-02,61.70
2025-12-03,61.89
2025-12-04,62.31
2025-12-05,62.78
2025-12-08,61.69
2025-12-09,61.36
2025-12-10,61.54
2025-12-11,60.90
2025-12-12,60.60
2025-12-15,60.35
2025-12-16,58.88
2025-12-17,59.41
2025-12-18,59.43
2025-12-19,59.77
2025-12-22,60.99
2025-12-23,61.23
2025-12-24,61.28
2025-12-26,59.86
2025-12-29,60.87
2025-12-30,60.74
2025-12-31,60.19
2026-01-02,60.24
2026-01-05,60.91
2026-01-06,59.92
2026-01-07,59.29
2026-01-08,60.95
2026-01-09,62.05
2026-01-12,62.37
2026-01-13,63.58
2026-01-14,64.53
2026-01-15,62.17
2026-01-16,62.44
2026-01-20,63.10
2026-01-21,63.54
2026-01-22,62.50
2026-01-23,63.81
2026-01-26,63.69
2026-01-27,64.99
2026-01-28,65.60
2026-01-29,67.37
2026-01-30,67.18
2026-02-02,64.17
2026-02-03,65.37
2026-02-04,67.22
2026-02-05,65.72
2026-02-06,66.26
2026-02-09,67.17
2026-02-10,66.88
2026-02-11,67.48
2026-02-12,65.75
2026-02-13,65.82
2026-02-17,65.64
2026-02-18,68.19
2026-02-19,69.41
2026-02-20,69.39
2026-02-23,69.36
2026-02-24,69.14
2026-02-25,69.25
2026-02-26,69.26
2026-02-27,70.88
2026-03-02,73.58
2026-03-03,74.67
2026-03-04,74.39
2026-03-05,75.96
2026-03-06,79.86
2026-03-09,85.23
2026-03-10,80.29
2026-03-11,84.32
2026-03-12,89.55
2026-03-13,91.03
2026-03-16,88.22
2026-03-17,91.21
2026-03-18,94.01
2026-03-19,94.05
2026-03-20,95.37
2026-03-23,87.96
2026-03-24,91.56
2026-03-25,89.39
2026-03-26,92.69
2026-03-27,93.82
2026-03-30,94.77
2026-03-31,90.17
2026-04-01,87.82
2026-04-02,91.43
2026-04-06,92.24
2026-04-07,92.77
2026-04-08,86.52
2026-04-09,86.55
2026-04-10,86.82
2026-04-13,89.78
2026-04-14,87.51
