observation_date,value
2019-11-01,60.43
2019-11-04,60.14
2019-11-05,60.33
2019-11-06,59.52
2019-11-07,59.45
2019-11-08,59.77
2019-11-11,59.56
2019-11-12,59.64
2019-11-13,59.82
2019-11-14,59.20
2019-11-15,59.60
2019-11-18,59.37
2019-11-19,59.04
2019-11-20,59.59
2019-11-21,59.91
2019-11-22,59.40
2019-11-25,59.44
2019-11-26,59.35
2019-11-27,58.87
2019-11-29,58.15
2019-12-02,58.85
2019-12-03,58.91
2019-12-04,59.50
2019-12-05,59.09
2019-12-06,58.79
2019-12-09,58.87
2019-12-10,58.84
2019-12-11,58.69
2019-12-12,58.84
2019-12-13,58.56
2019-12-16,58.96
2019-12-17,58.66
2019-12-18,58.70
2019-12-19,58.95
2019-12-20,58.92
2019-12-23,58.95
2019-12-24,59.09
2019-12-26,59.02
2019-12-27,59.29
2019-12-30,59.43
2019-12-31,59.10
2020-01-02,59.52
2020-01-03,59.10
2020-01-06,59.07
2020-01-07,59.46
2020-01-08,58.91
2020-01-09,59.11
2020-01-10,58.74
2020-01-13,58.67
2020-01-14,58.80
2020-01-15,58.67
2020-01-16,58.81
2020-01-17,58.79
2020-01-21,59.06
2020-01-22,58.67
2020-01-23,57.75
2020-01-24,57.21
2020-01-27,57.52
2020-01-28,57.35
2020-01-29,57.36
2020-01-30,57.51
2020-01-31,57.60
2020-02-03,57.87
2020-02-04,57.67
2020-02-05,57.91
2020-02-06,58.48
2020-02-07,58.57
2020-02-10,58.47
2020-02-11,58.01
2020-02-12,57.64
2020-02-13,57.24
2020-02-14,57.31
2020-02-18,58.15
2020-02-19,58.19
2020-02-20,58.41
2020-02-21,58.33
2020-02-24,58.44
2020-02-25,57.31
2020-02-26,56.93
2020-02-27,56.94
2020-02-28,55.69
2020-03-02,56.42
2020-03-03,56.66
2020-03-04,56.78
2020-03-05,56.53
2020-03-06,56.18
2020-03-09,53.38
2020-03-10,54.35
2020-03-11,54.76
2020-03-12,55.56
2020-03-13,54.62
2020-03-16,52.34
2020-03-17,52.34
2020-03-18,50.00
2020-03-19,49.27
2020-03-20,48.35
2020-03-23,49.68
2020-03-24,50.31
2020-03-25,51.31
2020-03-26,50.76
2020-03-27,51.39
2020-03-30,51.85
2020-03-31,51.88
2020-04-01,51.29
2020-04-02,52.04
2020-04-03,51.60
2020-04-06,52.98
2020-04-07,54.30
2020-04-08,53.74
2020-04-09,53.87
2020-04-13,53.94
2020-04-14,54.82
2020-04-15,53.18
2020-04-16,53.14
2020-04-17,53.03
2020-04-20,53.20
2020-04-21,50.84
2020-04-22,52.56
2020-04-23,52.11
2020-04-24,51.73
2020-04-27,51.47
2020-04-28,52.07
2020-04-29,52.08
2020-04-30,53.21
2020-05-01,52.31
2020-05-04,51.63
2020-05-05,51.99
2020-05-06,51.77
2020-05-07,52.42
2020-05-08,54.31
2020-05-11,53.16
2020-05-12,53.16
2020-05-13,53.49
2020-05-14,53.58
2020-05-15,53.44
2020-05-18,54.41
2020-05-19,53.90
2020-05-20,54.62
2020-05-21,54.39
2020-05-22,54.30
2020-05-26,55.45
2020-05-27,55.37
2020-05-28,56.13
2020-05-29,56.17
2020-06-01,56.35
2020-06-02,56.64
2020-06-03,56.71
2020-06-04,57.03
2020-06-05,57.30
2020-06-08,55.85
2020-06-09,56.40
2020-06-10,56.53
2020-06-11,54.32
2020-06-12,53.66
2020-06-15,54.65
2020-06-16,54.58
2020-06-17,53.77
2020-06-18,53.49
2020-06-19,53.30
2020-06-22,53.89
2020-06-23,53.61
2020-06-24,52.55
2020-06-25,52.73
2020-06-26,52.78
2020-06-29,53.77
2020-06-30,53.00
2020-07-01,53.39
2020-07-02,53.94
2020-07-06,54.12
2020-07-07,54.09
2020-07-08,54.79
2020-07-09,54.86
2020-07-10,55.02
2020-07-13,54.65
2020-07-14,55.00
2020-07-15,55.14
2020-07-16,54.87
2020-07-17,54.78
2020-07-20,54.84
2020-07-21,55.01
2020-07-22,55.04
2020-07-23,54.67
2020-07-24,55.32
2020-07-27,55.73
2020-07-28,55.47
2020-07-29,55.63
2020-07-30,54.71
2020-07-31,55.00
2020-08-03,55.88
2020-08-04,55.78
2020-08-05,55.78
2020-08-06,55.66
2020-08-07,55.12
2020-08-10,55.32
2020-08-11,55.12
2020-08-12,55.43
2020-08-13,55.27
2020-08-14,55.12
2020-08-17,55.81
2020-08-18,55.60
2020-08-19,55.80
2020-08-20,55.66
2020-08-21,55.30
2020-08-24,55.92
2020-08-25,56.08
2020-08-26,56.04
2020-08-27,55.42
2020-08-28,56.09
2020-08-31,55.35
2020-09-01,55.68
2020-09-02,55.10
2020-09-03,55.51
2020-09-04,55.11
2020-09-08,53.54
2020-09-09,54.15
2020-09-10,53.99
2020-09-11,53.87
2020-09-14,54.21
2020-09-15,55.14
2020-09-16,55.16
2020-09-17,55.29
2020-09-18,55.05
2020-09-21,54.00
2020-09-22,54.02
2020-09-23,54.00
2020-09-24,54.24
2020-09-25,53.95
2020-09-28,53.85
2020-09-29,52.75
2020-09-30,53.06
2020-10-01,52.51
2020-10-02,51.52
2020-10-05,52.52
2020-10-06,53.05
2020-10-07,52.37
2020-10-08,52.72
2020-10-09,51.97
2020-10-12,51.30
2020-10-13,51.55
2020-10-14,51.84
2020-10-15,52.13
2020-10-16,52.06
2020-10-19,51.94
2020-10-20,52.20
2020-10-21,51.14
2020-10-22,51.47
2020-10-23,50.92
2020-10-26,50.06
2020-10-27,50.51
2020-10-28,49.46
2020-10-29,48.58
2020-10-30,49.02
2020-11-02,49.95
2020-11-03,49.83
2020-11-04,50.53
2020-11-05,50.15
2020-11-06,49.33
2020-11-09,50.69
2020-11-10,50.67
2020-11-11,51.12
2020-11-12,50.75
2020-11-13,50.14
2020-11-16,50.41
2020-11-17,50.14
2020-11-18,50.32
2020-11-19,49.98
2020-11-20,50.09
2020-11-23,50.35
2020-11-24,50.35
2020-11-25,51.17
2020-11-27,51.08
2020-11-30,50.77
2020-12-01,49.58
2020-12-02,48.90
2020-12-03,47.48
2020-12-04,48.17
2020-12-07,48.19
2020-12-08,48.35
2020-12-09,48.10
2020-12-10,48.27
2020-12-11,48.09
2020-12-14,48.66
2020-12-15,49.13
2020-12-16,49.22
2020-12-17,49.73
2020-12-18,49.81
2020-12-21,49.30
2020-12-22,48.93
2020-12-23,49.53
2020-12-24,49.78
2020-12-28,49.26
2020-12-29,49.40
2020-12-30,49.39
2020-12-31,49.20
2021-01-04,48.84
2021-01-05,48.98
2021-01-06,48.43
2021-01-07,48.79
2021-01-08,49.17
2021-01-11,49.38
2021-01-12,49.66
2021-01-13,50.27
2021-01-14,50.50
2021-01-15,50.41
2021-01-19,50.43
2021-01-20,50.22
2021-01-21,50.16
2021-01-22,49.85
2021-01-25,50.08
2021-01-26,49.95
2021-01-27,50.22
2021-01-28,49.88
2021-01-29,49.89
2021-02-01,50.34
2021-02-02,50.57
2021-02-03,50.53
2021-02-04,50.68
2021-02-05,50.94
2021-02-08,51.76
2021-02-09,51.96
2021-02-10,52.22
2021-02-11,52.20
2021-02-12,52.28
2021-02-16,52.62
2021-02-17,52.99
2021-02-18,53.10
2021-02-19,53.47
2021-02-22,54.40
2021-02-23,54.48
2021-02-24,55.26
2021-02-25,55.02
2021-02-26,54.04
2021-03-01,53.68
2021-03-02,54.10
2021-03-03,54.64
2021-03-04,55.10
2021-03-05,56.10
2021-03-08,55.42
2021-03-09,55.06
2021-03-10,54.85
2021-03-11,55.15
2021-03-12,55.07
2021-03-15,54.89
2021-03-16,54.81
2021-03-17,55.12
2021-03-18,54.18
2021-03-19,53.88
2021-03-22,54.03
2021-03-23,53.33
2021-03-24,53.81
2021-03-25,52.43
2021-03-26,53.63
2021-03-29,53.46
2021-03-30,53.26
2021-03-31,52.66
2021-04-01,54.98
2021-04-05,54.72
2021-04-06,55.26
2021-04-07,55.22
2021-04-08,54.50
2021-04-09,54.87
2021-04-12,55.44
2021-04-13,55.71
2021-04-14,56.73
2021-04-15,56.40
2021-04-16,56.04
2021-04-19,56.13
2021-04-20,55.63
2021-04-21,55.26
2021-04-22,55.78
2021-04-23,56.32
2021-04-26,56.45
2021-04-27,57.00
2021-04-28,57.25
2021-04-29,57.62
2021-04-30,56.88
2021-05-03,57.18
2021-05-04,57.90
2021-05-05,58.26
2021-05-06,58.43
2021-05-07,58.69
2021-05-10,58.86
2021-05-11,59.14
2021-05-12,59.43
2021-05-13,57.63
2021-05-14,57.77
2021-05-17,57.74
2021-05-18,57.85
2021-05-19,56.90
2021-05-20,56.62
2021-05-21,57.13
2021-05-24,57.88
2021-05-25,57.82
2021-05-26,57.82
2021-05-27,57.74
2021-05-28,57.41
2021-06-01,58.07
2021-06-02,58.33
2021-06-03,58.21
2021-06-04,58.44
2021-06-07,58.67
2021-06-08,59.13
2021-06-09,59.12
2021-06-10,59.02
2021-06-11,59.00
2021-06-14,58.83
2021-06-15,59.23
2021-06-16,59.70
2021-06-17,58.83
2021-06-18,59.32
2021-06-21,60.12
2021-06-22,60.23
2021-06-23,60.00
2021-06-24,60.01
2021-06-25,59.62
2021-06-28,59.05
2021-06-29,59.20
2021-06-30,59.00
2021-07-01,59.28
2021-07-02,59.54
2021-07-06,58.15
2021-07-07,57.60
2021-07-08,57.41
2021-07-09,57.83
2021-07-12,58.05
2021-07-13,59.11
2021-07-14,58.30
2021-07-15,58.17
2021-07-16,58.86
2021-07-19,56.44
2021-07-20,56.37
2021-07-21,57.85
2021-07-22,57.99
2021-07-23,57.88
2021-07-26,57.25
2021-07-27,57.28
2021-07-28,57.94
2021-07-29,58.71
2021-07-30,58.44
2021-08-02,57.51
2021-08-03,57.64
2021-08-04,57.11
2021-08-05,57.79
2021-08-06,58.17
2021-08-09,57.80
2021-08-10,58.26
2021-08-11,58.63
2021-08-12,58.54
2021-08-13,58.33
2021-08-16,58.29
2021-08-17,57.59
2021-08-18,57.63
2021-08-19,57.27
2021-08-20,56.44
2021-08-23,57.83
2021-08-24,58.03
2021-08-25,57.83
2021-08-26,57.54
2021-08-27,57.96
2021-08-30,57.50
2021-08-31,57.19
2021-09-01,57.18
2021-09-02,57.04
2021-09-03,57.14
2021-09-07,57.47
2021-09-08,57.01
2021-09-09,56.78
2021-09-10,57.52
2021-09-13,57.51
2021-09-14,57.54
2021-09-15,57.50
2021-09-16,57.61
2021-09-17,56.99
2021-09-20,56.36
2021-09-21,57.12
2021-09-22,57.30
2021-09-23,57.65
2021-09-24,57.74
2021-09-27,58.79
2021-09-28,58.89
2021-09-29,59.41
2021-09-30,58.91
2021-10-01,59.75
2021-10-04,60.07
2021-10-05,60.36
2021-10-06,58.95
2021-10-07,59.34
2021-10-08,59.79
2021-10-11,60.88
2021-10-12,61.49
2021-10-13,61.87
2021-10-14,61.88
2021-10-15,61.42
2021-10-18,61.34
2021-10-19,60.97
2021-10-20,62.05
2021-10-21,62.49
2021-10-22,62.99
2021-10-25,64.03
2021-10-26,64.34
2021-10-27,63.76
2021-10-28,63.34
2021-10-29,61.88
2021-11-01,62.18
2021-11-02,62.10
2021-11-03,61.94
2021-11-04,63.67
2021-11-05,64.73
2021-11-08,65.33
2021-11-09,65.51
2021-11-10,64.98
2021-11-11,65.49
2021-11-12,65.08
2021-11-15,65.41
2021-11-16,65.74
2021-11-17,65.49
2021-11-18,65.53
2021-11-19,64.36
2021-11-22,64.38
2021-11-23,65.16
2021-11-24,65.29
2021-11-26,64.27
2021-11-29,64.97
2021-11-30,62.19
2021-12-01,62.69
2021-12-02,62.88
2021-12-03,64.09
2021-12-06,65.02
2021-12-07,66.57
2021-12-08,66.88
2021-12-09,66.08
2021-12-10,65.78
2021-12-13,65.92
2021-12-14,65.68
2021-12-15,64.93
2021-12-16,64.34
2021-12-17,63.20
2021-12-20,62.65
2021-12-21,63.77
2021-12-22,63.26
2021-12-23,63.89
2021-12-27,64.66
2021-12-28,64.46
2021-12-29,64.95
2021-12-30,64.92
2021-12-31,63.63
2022-01-03,64.43
2022-01-04,65.33
2022-01-05,64.90
2022-01-06,65.25
2022-01-07,65.17
2022-01-10,64.78
2022-01-11,65.65
2022-01-12,65.41
2022-01-13,65.47
2022-01-14,65.77
2022-01-18,66.67
2022-01-19,66.81
2022-01-20,67.55
2022-01-21,68.28
2022-01-24,68.09
2022-01-25,69.01
2022-01-26,69.16
2022-01-27,68.53
2022-01-28,68.30
2022-01-31,68.81
2022-02-01,68.95
2022-02-02,69.14
2022-02-03,70.08
2022-02-04,70.42
2022-02-07,70.87
2022-02-08,70.54
2022-02-09,71.99
2022-02-10,72.50
2022-02-11,72.97
2022-02-14,73.03
2022-02-15,71.65
2022-02-16,72.00
2022-02-17,72.10
2022-02-18,72.40
2022-02-22,73.48
2022-02-23,74.52
2022-02-24,73.07
2022-02-25,71.48
2022-02-28,70.81
2022-03-01,71.86
2022-03-02,73.99
2022-03-03,74.48
2022-03-04,75.76
2022-03-07,74.16
2022-03-08,71.10
2022-03-09,70.97
2022-03-10,71.39
2022-03-11,73.11
2022-03-14,71.78
2022-03-15,73.29
2022-03-16,71.80
2022-03-17,73.59
2022-03-18,73.68
2022-03-21,74.58
2022-03-22,74.38
2022-03-23,74.45
2022-03-24,72.79
2022-03-25,73.59
2022-03-28,73.22
2022-03-29,73.13
2022-03-30,73.42
2022-03-31,74.12
2022-04-01,76.19
2022-04-04,76.29
2022-04-05,75.52
2022-04-06,74.17
2022-04-07,75.47
2022-04-08,75.24
2022-04-11,74.99
2022-04-12,75.32
2022-04-13,75.21
2022-04-14,73.79
2022-04-18,73.18
2022-04-19,72.60
2022-04-20,72.79
2022-04-21,74.13
2022-04-22,72.22
2022-04-25,71.83
2022-04-26,71.55
2022-04-27,70.64
2022-04-28,70.61
2022-04-29,69.60
2022-05-02,69.82
2022-05-03,70.24
2022-05-04,71.80
2022-05-05,71.93
2022-05-06,72.13
2022-05-09,70.26
2022-05-10,70.40
2022-05-11,73.16
2022-05-12,72.62
2022-05-13,71.32
2022-05-16,71.28
2022-05-17,72.57
2022-05-18,72.57
2022-05-19,73.26
2022-05-20,72.73
2022-05-23,73.66
2022-05-24,74.07
2022-05-25,74.36
2022-05-26,73.83
2022-05-27,73.79
2022-05-31,73.00
2022-06-01,72.64
2022-06-02,73.12
2022-06-03,72.99
2022-06-06,72.69
2022-06-07,74.03
2022-06-08,74.28
2022-06-09,74.63
2022-06-10,74.00
2022-06-13,74.25
2022-06-14,73.52
2022-06-15,73.15
2022-06-16,74.79
2022-06-17,74.04
2022-06-21,73.45
2022-06-22,72.35
2022-06-23,70.22
2022-06-24,72.51
2022-06-27,73.76
2022-06-28,75.46
2022-06-29,75.31
2022-06-30,72.69
2022-07-01,72.32
2022-07-05,69.13
2022-07-06,70.73
2022-07-07,71.47
2022-07-08,71.81
2022-07-11,73.48
2022-07-12,71.81
2022-07-13,72.72
2022-07-14,72.31
2022-07-15,73.46
2022-07-18,75.72
2022-07-19,75.68
2022-07-20,74.98
2022-07-21,73.87
2022-07-22,73.83
2022-07-25,74.76
2022-07-26,75.00
2022-07-27,76.17
2022-07-28,75.07
2022-07-29,75.61
2022-08-01,74.43
2022-08-02,75.91
2022-08-03,75.56
2022-08-04,73.72
2022-08-05,73.45
2022-08-08,75.00
2022-08-09,74.24
2022-08-10,75.00
2022-08-11,74.86
2022-08-12,74.64
2022-08-15,74.39
2022-08-16,73.71
2022-08-17,73.61
2022-08-18,72.70
2022-08-19,72.06
2022-08-22,71.67
2022-08-23,71.64
2022-08-24,71.10
2022-08-25,70.62
2022-08-26,70.72
2022-08-29,70.91
2022-08-30,69.58
2022-08-31,69.80
2022-09-01,68.54
2022-09-02,68.81
2022-09-06,68.74
2022-09-07,67.27
2022-09-08,67.60
2022-09-09,69.24
2022-09-12,70.14
2022-09-13,70.15
2022-09-14,70.52
2022-09-15,68.87
2022-09-16,68.88
2022-09-19,68.60
2022-09-20,66.53
2022-09-21,66.32
2022-09-22,66.90
2022-09-23,65.23
2022-09-26,65.21
2022-09-27,65.73
2022-09-28,66.95
2022-09-29,65.99
2022-09-30,65.06
2022-10-03,66.29
2022-10-04,67.11
2022-10-05,68.16
2022-10-06,68.90
2022-10-07,69.43
2022-10-10,68.87
2022-10-11,68.77
2022-10-12,67.70
2022-10-13,68.10
2022-10-14,67.15
2022-10-17,67.98
2022-10-18,68.87
2022-10-19,69.86
2022-10-20,69.77
2022-10-21,69.41
2022-10-24,68.60
2022-10-25,69.65
2022-10-26,70.25
2022-10-27,70.88
2022-10-28,70.20
2022-10-31,70.80
2022-11-01,70.67
2022-11-02,71.34
2022-11-03,70.63
2022-11-04,71.20
2022-11-07,71.29
2022-11-08,70.53
2022-11-09,69.68
2022-11-10,69.33
2022-11-11,70.99
2022-11-14,71.04
2022-11-15,72.18
2022-11-16,70.89
2022-11-17,70.96
2022-11-18,70.78
2022-11-21,71.27
2022-11-22,71.14
2022-11-23,70.93
2022-11-25,70.83
2022-11-28,71.43
2022-11-29,71.70
2022-11-30,72.28
2022-12-01,72.28
2022-12-02,72.51
2022-12-05,71.61
2022-12-06,70.07
2022-12-07,68.96
2022-12-08,68.27
2022-12-09,68.93
2022-12-12,69.72
2022-12-13,69.21
2022-12-14,69.09
2022-12-15,67.65
2022-12-16,67.39
2022-12-19,67.59
2022-12-20,68.02
2022-12-21,68.16
2022-12-22,67.55
2022-12-23,68.73
2022-12-27,68.83
2022-12-28,69.16
2022-12-29,68.15
2022-12-30,69.15
2023-01-03,67.69
2023-01-04,67.31
2023-01-05,67.35
2023-01-06,67.75
2023-01-09,68.74
2023-01-10,68.43
2023-01-11,69.19
2023-01-12,69.17
2023-01-13,69.41
2023-01-17,68.28
2023-01-18,68.07
2023-01-19,68.61
2023-01-20,68.93
2023-01-23,69.38
2023-01-24,68.55
2023-01-25,68.19
2023-01-26,68.13
2023-01-27,67.71
2023-01-30,67.78
2023-01-31,68.72
2023-02-01,67.80
2023-02-02,67.75
2023-02-03,66.51
2023-02-06,66.91
2023-02-07,67.25
2023-02-08,67.82
2023-02-09,67.45
2023-02-10,68.07
2023-02-13,68.60
2023-02-14,68.57
2023-02-15,68.89
2023-02-16,69.13
2023-02-17,68.31
2023-02-21,68.74
2023-02-22,68.60
2023-02-23,68.34
2023-02-24,67.97
2023-02-27,67.01
2023-02-28,66.41
2023-03-01,66.82
2023-03-02,66.76
2023-03-03,67.43
2023-03-06,67.56
2023-03-07,66.53
2023-03-08,66.76
2023-03-09,66.71
2023-03-10,66.74
2023-03-13,66.22
2023-03-14,65.90
2023-03-15,65.52
2023-03-16,66.44
2023-03-17,66.56
2023-03-20,66.79
2023-03-21,66.60
2023-03-22,66.93
2023-03-23,66.91
2023-03-24,66.75
2023-03-27,67.59
2023-03-28,67.67
2023-03-29,67.58
2023-03-30,66.96
2023-03-31,66.93
2023-04-03,66.90
2023-04-04,66.80
2023-04-05,67.15
2023-04-06,67.01
2023-04-10,66.43
2023-04-11,66.71
2023-04-12,67.25
2023-04-13,67.19
2023-04-14,67.35
2023-04-17,67.34
2023-04-18,67.79
2023-04-19,67.48
2023-04-20,66.94
2023-04-21,68.27
2023-04-24,68.61
2023-04-25,67.49
2023-04-26,67.38
2023-04-27,66.98
2023-04-28,68.06
2023-05-01,67.45
2023-05-02,67.03
2023-05-03,66.12
2023-05-04,65.41
2023-05-05,66.44
2023-05-08,67.36
2023-05-09,67.86
2023-05-10,67.65
2023-05-11,66.49
2023-05-12,66.35
2023-05-15,66.81
2023-05-16,66.66
2023-05-17,67.80
2023-05-18,67.73
2023-05-19,66.46
2023-05-22,66.28
2023-05-23,66.69
2023-05-24,67.17
2023-05-25,66.11
2023-05-26,66.80
2023-05-30,65.51
2023-05-31,65.15
2023-06-01,65.53
2023-06-02,66.15
2023-06-05,65.66
2023-06-06,65.43
2023-06-07,65.69
2023-06-08,64.96
2023-06-09,65.20
2023-06-12,64.34
2023-06-13,65.95
2023-06-14,65.40
2023-06-15,66.77
2023-06-16,67.13
2023-06-20,66.83
2023-06-21,67.22
2023-06-22,65.99
2023-06-23,65.60
2023-06-26,65.87
2023-06-27,66.06
2023-06-28,66.20
2023-06-29,66.09
2023-06-30,66.55
2023-07-03,65.50
2023-07-05,66.68
2023-07-06,66.27
2023-07-07,66.48
2023-07-10,67.06
2023-07-11,67.63
2023-07-12,67.83
2023-07-13,68.28
2023-07-14,67.63
2023-07-17,67.85
2023-07-18,68.34
2023-07-19,68.89
2023-07-20,68.77
2023-07-21,69.14
2023-07-24,69.57
2023-07-25,69.56
2023-07-26,69.45
2023-07-27,69.78
2023-07-28,70.21
2023-07-31,70.38
2023-08-01,70.07
2023-08-02,69.09
2023-08-03,69.90
2023-08-04,70.45
2023-08-07,70.67
2023-08-08,71.15
2023-08-09,71.37
2023-08-10,70.88
2023-08-11,70.63
2023-08-14,70.55
2023-08-15,70.17
2023-08-16,70.27
2023-08-17,70.60
2023-08-18,70.95
2023-08-21,71.07
2023-08-22,70.99
2023-08-23,70.69
2023-08-24,70.10
2023-08-25,70.43
2023-08-28,70.24
2023-08-29,70.76
2023-08-30,70.65
2023-08-31,70.94
2023-09-01,71.57
2023-09-05,71.92
2023-09-06,71.92
2023-09-07,72.30
2023-09-08,71.93
2023-09-11,72.04
2023-09-12,72.05
2023-09-13,71.98
2023-09-14,72.21
2023-09-15,71.77
2023-09-18,72.25
2023-09-19,72.43
2023-09-20,72.67
2023-09-21,72.96
2023-09-22,72.17
2023-09-25,72.49
2023-09-26,72.55
2023-09-27,72.77
2023-09-28,73.02
2023-09-29,72.80
2023-10-02,72.74
2023-10-03,72.61
2023-10-04,70.10
2023-10-05,69.25
2023-10-06,69.32
2023-10-09,69.92
2023-10-10,70.75
2023-10-11,71.27
2023-10-12,71.42
2023-10-13,72.50
2023-10-16,73.09
2023-10-17,73.33
2023-10-18,73.53
2023-10-19,73.03
2023-10-20,72.57
2023-10-23,72.19
2023-10-24,71.90
2023-10-25,72.55
2023-10-26,72.28
2023-10-27,72.84
2023-10-30,72.27
2023-10-31,72.09
2023-11-01,71.78
2023-11-02,72.27
2023-11-03,71.69
2023-11-06,72.19
2023-11-07,70.26
2023-11-08,69.38
2023-11-09,69.87
2023-11-10,70.61
2023-11-13,71.12
2023-11-14,70.67
2023-11-15,70.42
2023-11-16,68.90
2023-11-17,70.57
2023-11-20,71.20
2023-11-21,71.02
2023-11-22,70.60
2023-11-24,69.95
2023-11-27,69.60
2023-11-28,70.16
2023-11-29,70.75
2023-11-30,69.88
2023-12-01,69.28
2023-12-04,69.53
2023-12-05,69.15
2023-12-06,68.58
2023-12-07,68.70
2023-12-08,69.42
2023-12-11,69.75
2023-12-12,68.81
2023-12-13,69.46
2023-12-14,70.44
2023-12-15,70.36
2023-12-18,70.56
2023-12-19,70.85
2023-12-20,70.59
2023-12-21,70.03
2023-12-22,69.36
2023-12-26,69.80
2023-12-27,69.59
2023-12-28,68.74
2023-12-29,68.53
2024-01-02,68.56
2024-01-03,69.59
2024-01-04,69.06
2024-01-05,69.31
2024-01-08,68.67
2024-01-09,68.88
2024-01-10,68.70
2024-01-11,69.07
2024-01-12,69.89
2024-01-16,69.49
2024-01-17,69.32
2024-01-18,69.69
2024-01-19,69.25
2024-01-22,70.17
2024-01-23,70.10
2024-01-24,70.35
2024-01-25,70.81
2024-01-26,71.47
2024-01-29,70.81
2024-01-30,71.34
2024-01-31,70.62
2024-02-01,69.52
2024-02-02,69.06
2024-02-05,69.59
2024-02-06,69.40
2024-02-07,69.63
2024-02-08,70.29
2024-02-09,70.74
2024-02-12,70.95
2024-02-13,71.18
2024-02-14,70.77
2024-02-15,70.98
2024-02-16,71.13
2024-02-20,70.17
2024-02-21,70.27
2024-02-22,70.43
2024-02-23,70.16
2024-02-26,70.25
2024-02-27,70.43
2024-02-28,70.35
2024-02-29,70.21
2024-03-01,70.22
2024-03-04,70.83
2024-03-05,70.23
2024-03-06,70.13
2024-03-07,70.39
2024-03-08,70.04
2024-03-11,70.52
2024-03-12,70.37
2024-03-13,71.04
2024-03-14,71.12
2024-03-15,71.52
2024-03-18,71.65
2024-03-19,71.90
2024-03-20,71.61
2024-03-21,71.51
2024-03-22,71.21
2024-03-25,71.66
2024-03-26,71.60
2024-03-27,71.59
2024-03-28,71.89
2024-04-01,71.89
2024-04-02,71.96
2024-04-03,72.22
2024-04-04,72.28
2024-04-05,72.23
2024-04-08,72.23
2024-04-09,71.83
2024-04-10,72.04
2024-04-11,72.28
2024-04-12,72.73
2024-04-15,72.94
2024-04-16,73.29
2024-04-17,72.26
2024-04-18,72.16
2024-04-19,71.97
2024-04-22,71.88
2024-04-23,72.27
2024-04-24,72.59
2024-04-25,72.73
2024-04-26,72.89
2024-04-29,72.46
2024-04-30,72.14
2024-05-01,70.63
2024-05-02,71.15
2024-05-03,71.42
2024-05-06,71.76
2024-05-07,71.38
2024-05-08,70.97
2024-05-09,71.16
2024-05-10,70.77
2024-05-13,71.00
2024-05-14,71.14
2024-05-15,71.25
2024-05-16,71.53
2024-05-17,71.92
2024-05-20,72.23
2024-05-21,72.12
2024-05-22,71.40
2024-05-23,71.21
2024-05-24,71.34
2024-05-28,72.12
2024-05-29,71.91
2024-05-30,71.40
2024-05-31,71.85
2024-06-03,70.65
2024-06-04,69.51
2024-06-05,69.68
2024-06-06,70.26
2024-06-07,70.67
2024-06-10,71.52
2024-06-11,72.03
2024-06-12,72.11
2024-06-13,72.02
2024-06-14,71.77
2024-06-17,71.66
2024-06-18,72.52
2024-06-20,72.73
2024-06-21,72.32
2024-06-24,72.92
2024-06-25,72.57
2024-06-26,72.85
2024-06-27,72.75
2024-06-28,72.62
2024-07-01,73.37
2024-07-02,73.32
2024-07-03,73.81
2024-07-05,73.42
2024-07-08,73.43
2024-07-09,72.67
2024-07-10,72.71
2024-07-11,72.58
2024-07-12,72.60
2024-07-15,72.37
2024-07-16,71.94
2024-07-17,72.26
2024-07-18,72.37
2024-07-19,71.19
2024-07-22,71.50
2024-07-23,70.67
2024-07-24,71.03
2024-07-25,71.39
2024-07-26,71.05
2024-07-29,70.72
2024-07-30,70.36
2024-07-31,71.13
2024-08-01,70.51
2024-08-02,69.57
2024-08-05,69.84
2024-08-06,69.51
2024-08-07,70.07
2024-08-08,70.56
2024-08-09,70.80
2024-08-12,72.01
2024-08-13,71.35
2024-08-14,71.12
2024-08-15,71.59
2024-08-16,71.06
2024-08-19,70.44
2024-08-20,69.89
2024-08-21,69.58
2024-08-22,69.88
2024-08-23,70.61
2024-08-26,71.25
2024-08-27,70.79
2024-08-28,70.27
2024-08-29,70.90
2024-08-30,70.14
2024-09-03,69.36
2024-09-04,69.29
2024-09-05,69.57
2024-09-06,69.32
2024-09-09,69.42
2024-09-10,68.01
2024-09-11,68.61
2024-09-12,69.26
2024-09-13,68.87
2024-09-16,69.39
2024-09-17,69.86
2024-09-18,69.79
2024-09-19,70.12
2024-09-20,70.05
2024-09-23,70.19
2024-09-24,70.91
2024-09-25,70.36
2024-09-26,69.98
2024-09-27,70.06
2024-09-30,70.37
2024-10-01,71.44
2024-10-02,71.25
2024-10-03,72.74
2024-10-04,72.40
2024-10-07,73.68
2024-10-08,72.40
2024-10-09,71.91
2024-10-10,72.58
2024-10-11,72.63
2024-10-14,72.26
2024-10-15,70.61
2024-10-16,70.10
2024-10-17,70.23
2024-10-18,69.65
2024-10-21,70.27
2024-10-22,71.04
2024-10-23,70.22
2024-10-24,70.19
2024-10-25,70.93
2024-10-28,68.64
2024-10-29,68.72
2024-10-30,69.31
2024-10-31,69.20
2024-11-01,69.42
2024-11-04,69.69
2024-11-05,69.76
2024-11-06,69.71
2024-11-07,70.04
2024-11-08,69.55
2024-11-11,68.78
2024-11-12,68.66
2024-11-13,68.63
2024-11-14,68.44
2024-11-15,67.84
2024-11-18,69.21
2024-11-19,69.63
2024-11-20,69.21
2024-11-21,69.26
2024-11-22,69.61
2024-11-25,68.52
2024-11-26,68.80
2024-11-27,68.57
2024-11-29,68.14
2024-12-02,68.15
2024-12-03,68.93
2024-12-04,68.08
2024-12-05,67.94
2024-12-06,67.75
2024-12-09,68.40
2024-12-10,68.22
2024-12-11,68.44
2024-12-12,68.52
2024-12-13,68.80
2024-12-16,68.61
2024-12-17,68.18
2024-12-18,67.97
2024-12-19,67.72
2024-12-20,67.85
2024-12-23,67.84
2024-12-24,68.24
2024-12-26,67.95
2024-12-27,68.09
2024-12-30,68.44
2024-12-31,68.83
2025-01-02,69.23
2025-01-03,69.20
2025-01-06,69.41
2025-01-07,69.52
2025-01-08,69.18
2025-01-09,69.16
2025-01-10,69.41
2025-01-13,69.32
2025-01-14,69.79
2025-01-15,70.19
2025-01-16,69.76
2025-01-17,69.64
2025-01-21,69.77
2025-01-22,69.71
2025-01-23,69.75
2025-01-24,69.42
2025-01-27,68.69
2025-01-28,68.40
2025-01-29,68.19
2025-01-30,68.17
2025-01-31,68.09
2025-02-03,68.10
2025-02-04,68.50
2025-02-05,68.05
2025-02-06,68.26
2025-02-07,68.43
2025-02-10,68.74
2025-02-11,69.57
2025-02-12,68.77
2025-02-13,68.51
2025-02-14,68.58
2025-02-18,68.80
2025-02-19,68.93
2025-02-20,69.24
2025-02-21,68.35
2025-02-24,68.39
2025-02-25,67.52
2025-02-26,67.10
2025-02-27,67.56
2025-02-28,67.19
2025-03-03,66.95
2025-03-04,66.88
2025-03-05,65.94
2025-03-06,65.78
2025-03-07,66.41
2025-03-10,65.47
2025-03-11,65.53
2025-03-12,66.39
2025-03-13,65.94
2025-03-14,66.33
2025-03-17,66.61
2025-03-18,66.62
2025-03-19,66.65
2025-03-20,67.15
2025-03-21,66.97
2025-03-24,67.25
2025-03-25,67.38
2025-03-26,67.84
2025-03-27,68.13
2025-03-28,67.41
2025-03-31,68.29
2025-04-01,68.40
2025-04-02,68.44
2025-04-03,66.23
2025-04-04,64.04
2025-04-07,64.15
2025-04-08,63.08
2025-04-09,64.64
2025-04-10,63.91
2025-04-11,64.06
2025-04-14,64.61
2025-04-15,64.28
2025-04-16,64.51
2025-04-17,65.74
2025-04-21,64.70
2025-04-22,65.58
2025-04-23,65.19
2025-04-24,65.78
2025-04-25,65.91
2025-04-28,65.57
2025-04-29,64.99
2025-04-30,63.37
2025-05-01,63.91
2025-05-02,63.80
2025-05-05,63.32
2025-05-06,64.52
2025-05-07,63.67
2025-05-08,64.61
2025-05-09,64.97
2025-05-12,65.87
2025-05-13,66.63
2025-05-14,66.17
2025-05-15,65.67
2025-05-16,65.69
2025-05-19,65.37
2025-05-20,65.69
2025-05-21,65.53
2025-05-22,65.27
2025-05-23,65.29
2025-05-27,64.80
2025-05-28,65.12
2025-05-29,64.20
2025-05-30,63.90
2025-06-02,64.71
2025-06-03,65.48
2025-06-04,64.97
2025-06-05,65.20
2025-06-06,65.69
2025-06-09,65.86
2025-06-10,65.69
2025-06-11,66.72
2025-06-12,66.43
2025-06-13,67.79
2025-06-16,67.84
2025-06-17,69.05
2025-06-18,68.77
2025-06-20,68.95
2025-06-23,67.55
2025-06-24,66.12
2025-06-25,65.70
2025-06-26,65.94
2025-06-27,65.66
2025-06-30,65.46
2025-07-01,65.72
2025-07-02,66.01
2025-07-03,66.03
2025-07-07,66.60
2025-07-08,67.16
2025-07-09,66.86
2025-07-10,66.29
2025-07-11,67.16
2025-07-14,67.05
2025-07-15,66.60
2025-07-16,66.47
2025-07-17,66.94
2025-07-18,66.96
2025-07-21,66.92
2025-07-22,66.49
2025-07-23,66.40
2025-07-24,66.62
2025-07-25,66.16
2025-07-28,67.08
2025-07-29,67.90
2025-07-30,67.85
2025-07-31,67.23
2025-08-01,66.13
2025-08-04,65.95
2025-08-05,65.52
2025-08-06,65.08
2025-08-07,65.31
2025-08-08,65.06
2025-08-11,65.19
2025-08-12,65.11
2025-08-13,64.97
2025-08-14,65.34
2025-08-15,65.24
2025-08-18,65.74
2025-08-19,65.28
2025-08-20,65.77
2025-08-21,66.19
2025-08-22,66.27
2025-08-25,66.79
2025-08-26,65.93
2025-08-27,66.18
2025-08-28,66.53
2025-08-29,66.05
2025-09-02,67.36
2025-09-03,66.73
2025-09-04,66.10
2025-09-05,65.27
2025-09-08,65.69
2025-09-09,65.91
2025-09-10,66.58
2025-09-11,65.80
2025-09-12,66.04
2025-09-15,66.35
2025-09-16,66.81
2025-09-17,66.26
2025-09-18,65.94
2025-09-19,65.29
2025-09-22,65.44
2025-09-23,65.88
2025-09-24,66.19
2025-09-25,66.45
2025-09-26,66.81
2025-09-29,65.86
2025-09-30,65.37
2025-10-01,65.15
2025-10-02,64.56
2025-10-03,64.67
2025-10-06,65.23
2025-10-07,65.10
2025-10-08,65.42
2025-10-09,64.91
2025-10-10,63.59
2025-10-13,64.26
2025-10-14,63.65
2025-10-15,63.47
2025-10-16,62.79
2025-10-17,63.36
2025-10-20,63.35
2025-10-21,63.11
2025-10-22,63.72
2025-10-23,64.21
2025-10-24,64.39
2025-10-27,64.42
2025-10-28,64.36
2025-10-29,64.61
2025-10-30,64.54
2025-10-31,64.44
2025-11-03,64.69
2025-11-04,64.55
2025-11-05,64.08
2025-11-06,63.85
2025-11-07,64.05
2025-11-10,64.17
2025-11-11,64.55
2025-11-12,63.01
2025-11-13,63.02
2025-11-14,63.59
2025-11-17,63.65
2025-11-18,63.90
2025-11-19,62.84
2025-11-20,62.78
2025-11-21,62.51
2025-11-24,62.90
2025-11-25,62.68
2025-11-26,63.05
2025-11-28,62.64
2025-12-01,63.26
2025-12-02,62.71
2025-12-03,62.67
2025-12-04,62.84
2025-12-05,63.13
2025-12-08,62.47
2025-12-09,62.32
2025-12-10,62.39
2025-12-11,62.05
2025-12-12,61.81
2025-12-15,62.02
2025-12-16,60.85
2025-12-17,61.03
2025-12-18,60.99
2025-12-19,61.22
2025-12-22,61.94
2025-12-23,62.00
2025-12-24,62.21
2025-12-26,61.22
2025-12-29,61.90
2025-12-30,61.79
2025-12-31,61.17
2026-01-02,61.41
2026-01-05,61.54
2026-01-06,60.84
2026-01-07,60.44
2026-01-08,61.59
2026-01-09,62.26
2026-01-12,62.47
2026-01-13,63.31
2026-01-14,64.07
2026-01-15,62.52
2026-01-16,62.72
2026-01-20,63.26
2026-01-21,63.72
2026-01-22,63.08
2026-01-23,63.79
2026-01-26,63.98
2026-01-27,64.42
2026-01-28,64.67
2026-01-29,65.52
2026-01-30,65.57
2026-02-02,63.34
2026-02-03,64.22
2026-02-04,65.38
2026-02-05,64.54
2026-02-06,64.86
2026-02-09,65.38
2026-02-10,65.23
2026-02-11,65.34
2026-02-12,64.38
2026-02-13,64.38
2026-02-17,64.21
2026-02-18,65.15
2026-02-19,65.67
2026-02-20,65.62
2026-02-23,65.73
2026-02-24,65.81
2026-02-25,65.79
2026-02-26,65.34
2026-02-27,66.30
2026-03-02,66.78
2026-03-03,66.99
2026-03-04,67.64
2026-03-05,68.68
2026-03-06,70.00
2026-03-09,71.37
2026-03-10,70.56
2026-03-11,71.85
2026-03-12,73.23
2026-03-13,74.03
2026-03-16,73.82
2026-03-17,74.91
2026-03-18,77.03
2026-03-19,78.26
2026-03-20,78.57
2026-03-23,75.12
2026-03-24,77.37
2026-03-25,76.28
2026-03-26,77.62
2026-03-27,77.38
2026-03-30,76.75
2026-03-31,73.67
2026-04-01,72.73
2026-04-02,73.37
2026-04-06,74.54
2026-04-07,75.53
2026-04-08,75.17
2026-04-09,74.90
2026-04-10,75.76
2026-04-13,76.68
2026-04-14,75.67
2026-04-15,76.97
2026-04-16,76.95
2026-04-17,73.88
2026-04-20,75.24
2026-04-21,75.52
2026-04-22,76.05
2026-04-23,76.91
2026-04-24,76.43
2026-04-27,77.16
2026-04-28,76.64
2026-04-29,76.79
2026-04-30,77.36
2026-05-01,77.38
2026-05-04,79.74
2026-05-05,79.04
2026-05-06,76.23
2026-05-07,76.27
2026-05-08,78.02
2026-05-11,79.66
2026-05-12,80.57
2026-05-13,79.34
2026-05-14,78.90
2026-05-15,79.65
2026-05-18,80.39
2026-05-19,79.79
2026-05-20,78.02
2026-05-21,78.12
2026-05-22,78.06
2026-05-26,77.67
2026-05-27,76.90
2026-05-28,77.95
2026-05-29,77.03
2026-06-01,78.04
2026-06-02,79.02
2026-06-03,79.60
2026-06-04,78.42
2026-06-05,77.88
2026-06-08,79.38
2026-06-09,78.61
2026-06-10,79.38
2026-06-11,78.83
2026-06-12,76.64
2026-06-15,74.91
2026-06-16,73.52
2026-06-17,73.33
2026-06-18,73.02
2026-06-22,72.07
2026-06-23,71.91
2026-06-24,70.45
2026-06-25,71.33
2026-06-26,69.97
2026-06-29,70.54
2026-06-30,70.21
2026-07-01,70.33
2026-07-02,70.72
2026-07-06,70.94
2026-07-07,71.52
2026-07-08,73.06
2026-07-09,72.41
2026-07-10,72.30
2026-07-13,74.96
2026-07-14,74.65
2026-07-15,74.80
2026-07-16,74.66
2026-07-17,75.85
2026-07-20,75.60
2026-07-21,75.67
