observation_datetime,value
2024-10-09 09:00,67.39
2024-10-09 13:00,67.39
2024-12-13 11:00,65.24
2024-12-13 16:00,65.24
2025-01-15 14:00,67.00
2025-01-15 19:00,67.00
2025-01-23 11:00,66.32
2025-01-23 16:00,66.32
2025-01-24 07:00,66.32
2025-01-24 12:00,66.32
2025-01-27 07:00,65.60
2025-01-27 12:00,65.60
2025-01-29 19:00,64.70
2025-01-29 20:00,64.70
2025-01-30 00:00,64.70
2025-01-30 01:00,64.70
2025-01-30 05:00,64.52
2025-01-30 10:00,64.52
2025-02-18 11:00,65.75
2025-02-18 16:00,65.75
2025-02-26 03:00,63.99
2025-02-26 08:00,63.99
2025-04-08 15:00,57.61
2025-04-08 19:00,57.61
2025-04-09 13:00,59.73
2025-04-09 17:00,59.73
2025-05-09 08:00,60.70
2025-05-09 12:00,60.70
2025-05-12 13:00,61.69
2025-05-12 17:00,61.69
2025-06-12 20:00,64.95
2025-06-13 00:00,64.95
2025-06-20 13:00,65.30
2025-06-20 17:00,65.30
2025-06-23 20:00,62.90
2025-06-24 00:00,62.90
2025-09-03 05:00,63.11
2025-09-03 09:00,63.11
2025-09-05 08:00,60.92
2025-09-05 12:00,60.92
2025-09-22 09:00,60.72
2025-09-22 11:00,61.20
2025-09-22 13:00,61.30
2025-09-22 15:00,61.20
2025-09-22 17:00,61.30
2025-09-23 10:00,62.11
2025-09-23 12:00,61.80
2025-09-23 14:00,62.11
2025-09-23 16:00,61.80
2025-09-26 13:00,62.80
2025-09-26 14:00,62.92
2025-09-26 15:00,62.90
2025-09-26 17:00,62.80
2025-09-26 18:00,62.92
2025-09-26 19:00,62.90
2025-09-29 14:00,61.53
2025-09-29 18:00,61.53
2025-09-30 11:00,61.40
2025-09-30 15:00,61.40
2025-10-01 14:00,60.75
2025-10-01 15:00,60.93
2025-10-01 18:00,60.75
2025-10-01 19:00,60.93
2025-10-02 09:00,60.40
2025-10-02 13:00,60.40
2025-10-03 14:00,60.23
2025-10-03 18:00,60.23
2025-10-06 14:00,60.88
2025-10-06 18:00,60.88
2025-10-08 14:00,61.09
2025-10-08 18:00,61.09
2025-10-14 09:00,59.00
2025-10-14 11:00,59.00
2025-10-14 13:00,59.00
2025-10-14 15:00,59.00
2025-10-16 12:00,58.27
2025-10-16 13:00,58.40
2025-10-16 14:00,58.05
2025-10-16 15:00,58.04
2025-10-16 16:00,58.27
2025-10-16 17:00,58.40
2025-10-16 18:00,58.05
2025-10-16 19:00,58.04
2025-10-21 11:00,58.41
2025-10-21 13:00,58.58
2025-10-21 15:00,58.41
2025-10-21 17:00,58.58
2025-10-23 14:00,59.79
2025-10-23 18:00,59.79
2025-10-24 09:00,59.67
2025-10-24 10:00,59.90
2025-10-24 13:00,59.67
2025-10-24 14:00,59.84
2025-10-24 18:00,59.84
2025-10-28 06:00,59.60
2025-10-28 09:00,59.80
2025-10-28 10:00,59.60
2025-10-28 11:00,59.52
2025-10-28 13:00,59.80
2025-10-28 15:00,59.52
2025-10-29 14:00,60.06
2025-10-29 18:00,60.06
2025-11-05 06:00,60.20
2025-11-05 11:00,60.20
2025-11-07 14:00,59.79
2025-11-07 19:00,59.79
2025-11-20 12:00,58.40
2025-11-20 14:00,58.29
2025-11-20 17:00,58.40
2025-11-20 19:00,58.29
2025-11-24 14:00,58.43
2025-11-24 19:00,58.43
2025-12-01 02:00,59.09
2025-12-01 07:00,59.09
2025-12-01 14:00,58.83
2025-12-01 19:00,58.83
2025-12-03 14:00,58.14
2025-12-03 19:00,58.14
2025-12-04 14:00,58.59
2025-12-04 19:00,58.59
2025-12-05 14:00,58.89
2025-12-05 19:00,58.89
2025-12-09 14:00,57.90
2025-12-09 19:00,57.90
2025-12-10 00:00,58.00
2025-12-10 05:00,58.00
2025-12-10 09:00,57.66
2025-12-10 11:00,57.71
2025-12-10 13:00,57.85
2025-12-10 14:00,58.08
2025-12-10 16:00,57.71
2025-12-10 18:00,57.85
2025-12-10 19:00,58.08
2025-12-11 08:00,57.69
2025-12-11 09:00,57.49
2025-12-11 11:00,57.31
2025-12-11 13:00,57.69
2025-12-11 14:00,57.49
2025-12-11 16:00,57.31
2025-12-12 14:00,57.28
2025-12-12 19:00,57.28
2025-12-16 14:00,56.01
2025-12-16 19:00,56.01
2025-12-18 02:00,56.73
2025-12-18 07:00,56.73
2025-12-18 16:00,56.25
2025-12-18 21:00,56.25
2025-12-19 15:00,56.60
2025-12-19 20:00,56.60
2025-12-22 10:00,57.42
2025-12-22 15:00,57.42
2025-12-23 10:00,57.55
2025-12-23 11:00,57.70
2025-12-23 12:00,57.65
2025-12-23 15:00,57.55
2025-12-23 16:00,57.70
2025-12-23 17:00,57.65
2025-12-29 14:00,57.63
2025-12-29 19:00,57.63
2025-12-30 02:00,57.56
2025-12-30 03:00,57.65
2025-12-30 07:00,57.56
2025-12-30 08:00,57.65
2025-12-31 08:00,57.90
2025-12-31 11:00,57.32
2025-12-31 13:00,57.90
2025-12-31 14:00,56.93
2025-12-31 16:00,57.32
2025-12-31 19:00,56.93
2026-01-02 14:00,57.06
2026-01-02 19:00,57.06
2026-01-05 06:00,57.16
2026-01-05 11:00,57.36
2026-01-05 14:00,57.42
2026-01-05 16:00,57.36
2026-01-05 19:00,57.42
2026-01-06 14:00,56.63
2026-01-06 19:00,56.63
2026-01-07 09:00,56.42
2026-01-07 14:00,56.14
2026-01-07 19:00,56.14
2026-01-08 10:00,56.62
2026-01-08 12:00,56.79
2026-01-08 15:00,57.73
2026-01-08 17:00,56.79
2026-01-08 20:00,57.73
2026-01-09 05:00,57.50
2026-01-09 06:00,57.60
2026-01-09 07:00,57.89
2026-01-09 10:00,57.50
2026-01-09 11:00,58.45
2026-01-09 12:00,58.08
2026-01-09 13:00,58.09
2026-01-09 14:00,57.89
2026-01-09 15:00,57.99
2026-01-09 16:00,58.45
2026-01-09 17:00,58.08
2026-01-09 18:00,58.09
2026-01-09 19:00,57.89
2026-01-09 20:00,57.99
2026-01-12 06:00,57.80
2026-01-12 07:00,57.85
2026-01-12 08:00,57.72
2026-01-12 09:00,57.73
2026-01-12 10:00,57.86
2026-01-12 11:00,57.88
2026-01-12 12:00,57.91
2026-01-12 13:00,57.94
2026-01-12 14:00,58.32
2026-01-12 15:00,58.20
2026-01-12 16:00,58.34
2026-01-12 17:00,57.91
2026-01-12 18:00,57.94
2026-01-12 19:00,58.32
2026-01-12 20:00,58.20
2026-01-12 21:00,58.34
2026-01-13 09:00,59.03
2026-01-13 11:00,59.12
2026-01-13 12:00,59.01
2026-01-13 13:00,58.96
2026-01-13 14:00,59.16
2026-01-13 16:00,59.12
2026-01-13 17:00,59.01
2026-01-13 18:00,58.96
2026-01-13 19:00,59.16
2026-01-14 09:00,59.55
2026-01-14 10:00,59.65
2026-01-14 12:00,59.81
2026-01-14 13:00,59.67
2026-01-14 14:00,59.86
2026-01-14 15:00,59.65
2026-01-14 17:00,59.81
2026-01-14 18:00,59.67
2026-01-14 19:00,59.86
2026-01-15 09:00,58.26
2026-01-15 10:00,58.05
2026-01-15 12:00,58.04
2026-01-15 13:00,58.12
2026-01-15 14:00,58.03
2026-01-15 15:00,57.96
2026-01-15 17:00,58.04
2026-01-15 18:00,58.12
2026-01-15 19:00,58.03
2026-01-15 20:00,57.96
2026-01-16 08:00,58.49
2026-01-16 09:00,58.73
2026-01-16 13:00,58.49
2026-01-16 14:00,58.30
2026-01-16 19:00,58.30
2026-01-20 07:00,58.31
2026-01-20 08:00,58.26
2026-01-20 09:00,58.65
2026-01-20 10:00,58.84
2026-01-20 11:00,58.80
2026-01-20 12:00,58.81
2026-01-20 13:00,58.80
2026-01-20 14:00,58.85
2026-01-20 15:00,58.61
2026-01-20 16:00,58.80
2026-01-20 17:00,58.81
2026-01-20 18:00,58.80
2026-01-20 19:00,58.85
2026-01-20 20:00,58.61
2026-01-21 14:00,59.32
2026-01-21 15:00,59.40
2026-01-21 16:00,59.40
2026-01-21 19:00,59.32
2026-01-21 20:00,59.40
2026-01-21 21:00,59.40
2026-01-22 09:00,58.62
2026-01-22 11:00,58.80
2026-01-22 12:00,58.35
2026-01-22 14:00,58.53
2026-01-22 16:00,58.80
2026-01-22 17:00,58.35
2026-01-22 19:00,58.53
2026-01-23 08:00,59.76
2026-01-23 09:00,59.80
2026-01-23 12:00,59.54
2026-01-23 13:00,59.76
2026-01-23 14:00,59.52
2026-01-23 15:00,59.52
2026-01-23 16:00,59.50
2026-01-23 17:00,59.54
2026-01-23 19:00,59.52
2026-01-23 20:00,59.52
2026-01-23 21:00,59.50
2026-01-26 04:00,59.61
2026-01-26 09:00,59.61
2026-01-26 10:00,59.44
2026-01-26 13:00,59.66
2026-01-26 14:00,59.52
2026-01-26 15:00,59.51
2026-01-26 18:00,59.66
2026-01-26 19:00,59.52
2026-01-26 20:00,59.51
2026-01-26 21:00,59.45
2026-01-26 22:00,59.24
2026-01-27 01:00,59.45
2026-01-27 02:00,59.37
2026-01-27 03:00,59.24
2026-01-27 06:00,59.45
2026-01-27 07:00,59.37
2026-01-27 09:00,59.75
2026-01-27 12:00,60.07
2026-01-27 13:00,60.05
2026-01-27 14:00,60.20
2026-01-27 15:00,60.13
2026-01-27 17:00,60.07
2026-01-27 18:00,60.35
2026-01-27 19:00,60.35
2026-01-27 20:00,60.35
2026-01-27 21:00,60.44
2026-01-27 23:00,60.50
2026-01-28 00:00,60.35
2026-01-28 01:00,60.35
2026-01-28 02:00,60.44
2026-01-28 04:00,60.50
2026-01-28 07:00,60.43
2026-01-28 09:00,60.50
2026-01-28 10:00,60.36
2026-01-28 11:00,60.59
2026-01-28 12:00,60.47
2026-01-28 14:00,60.46
2026-01-28 15:00,60.59
2026-01-28 16:00,60.59
2026-01-28 17:00,60.47
2026-01-28 19:00,60.46
2026-01-28 20:00,60.59
2026-01-28 22:00,60.85
2026-01-29 01:00,60.90
2026-01-29 03:00,61.07
2026-01-29 04:00,61.51
2026-01-29 05:00,61.27
2026-01-29 06:00,61.39
2026-01-29 08:00,61.07
2026-01-29 09:00,62.00
2026-01-29 10:00,61.27
2026-01-29 11:00,61.36
2026-01-29 12:00,61.49
2026-01-29 13:00,61.36
2026-01-29 14:00,61.49
2026-01-29 15:00,61.60
2026-01-29 16:00,61.30
2026-01-29 17:00,61.49
2026-01-29 18:00,61.36
2026-01-29 19:00,61.49
2026-01-29 20:00,61.60
2026-01-29 21:00,61.30
2026-01-30 03:00,60.93
2026-01-30 04:00,61.18
2026-01-30 05:00,61.10
2026-01-30 08:00,60.93
2026-01-30 09:00,61.82
2026-01-30 10:00,61.57
2026-01-30 11:00,61.81
2026-01-30 13:00,60.97
2026-01-30 14:00,61.54
2026-01-30 15:00,61.57
2026-01-30 16:00,61.81
2026-01-30 18:00,60.97
2026-01-30 19:00,61.54
2026-02-01 19:00,60.58
2026-02-01 21:00,59.97
2026-02-02 00:00,60.58
2026-02-02 01:00,59.05
2026-02-02 02:00,59.97
2026-02-02 03:00,59.02
2026-02-02 05:00,59.39
2026-02-02 06:00,59.05
2026-02-02 08:00,59.02
2026-02-02 09:00,59.19
2026-02-02 10:00,59.02
2026-02-02 11:00,58.96
2026-02-02 14:00,58.94
2026-02-02 15:00,59.02
2026-02-02 16:00,58.96
2026-02-02 19:00,58.94
2026-02-03 05:00,59.13
2026-02-03 09:00,59.79
2026-02-03 10:00,59.63
2026-02-03 12:00,60.33
2026-02-03 14:00,60.33
2026-02-03 15:00,59.63
2026-02-03 17:00,60.33
2026-02-03 19:00,60.33
2026-02-03 21:00,60.45
2026-02-04 02:00,60.18
2026-02-04 07:00,60.47
2026-02-04 09:00,60.33
2026-02-04 10:00,60.52
2026-02-04 11:00,60.50
2026-02-04 12:00,61.40
2026-02-04 13:00,61.32
2026-02-04 14:00,61.03
2026-02-04 15:00,61.01
2026-02-04 16:00,61.00
2026-02-04 17:00,61.40
2026-02-04 18:00,61.32
2026-02-04 19:00,61.03
2026-02-04 20:00,61.01
2026-02-04 21:00,61.00
2026-02-04 22:00,60.60
2026-02-05 01:00,60.68
2026-02-05 03:00,60.60
2026-02-05 04:00,60.87
2026-02-05 06:00,61.00
2026-02-05 07:00,60.82
2026-02-05 08:00,60.43
2026-02-05 09:00,60.48
2026-02-05 10:00,60.01
2026-02-05 11:00,60.32
2026-02-05 12:00,60.55
2026-02-05 13:00,60.43
2026-02-05 14:00,60.35
2026-02-05 15:00,60.44
2026-02-05 16:00,60.32
2026-02-05 17:00,60.55
2026-02-05 19:00,59.89
2026-02-05 20:00,60.24
2026-02-06 00:00,59.89
2026-02-06 01:00,60.24
2026-02-06 03:00,60.76
2026-02-06 04:00,61.18
2026-02-06 06:00,60.64
2026-02-06 08:00,60.13
2026-02-06 09:00,60.20
2026-02-06 11:00,60.64
2026-02-06 13:00,61.12
2026-02-06 14:00,60.89
2026-02-06 18:00,61.12
2026-02-06 19:00,60.89
2026-02-09 07:00,60.84
2026-02-09 08:00,60.83
2026-02-09 09:00,60.90
2026-02-09 10:00,61.19
2026-02-09 11:00,61.40
2026-02-09 12:00,60.84
2026-02-09 13:00,61.62
2026-02-09 14:00,61.60
2026-02-09 15:00,61.19
2026-02-09 16:00,61.40
2026-02-09 18:00,61.62
2026-02-09 19:00,61.60
2026-02-10 01:00,61.60
2026-02-10 05:00,61.54
2026-02-10 06:00,61.60
2026-02-10 07:00,61.52
2026-02-10 09:00,61.66
2026-02-10 10:00,61.61
2026-02-10 11:00,61.27
2026-02-10 12:00,61.52
2026-02-10 13:00,61.21
2026-02-10 14:00,61.40
2026-02-10 15:00,61.61
2026-02-10 16:00,61.27
2026-02-10 18:00,61.21
2026-02-10 19:00,61.40
2026-02-11 07:00,62.01
2026-02-11 08:00,62.19
2026-02-11 09:00,62.30
2026-02-11 10:00,61.80
2026-02-11 11:00,61.93
2026-02-11 12:00,61.85
2026-02-11 13:00,61.63
2026-02-11 14:00,61.55
2026-02-11 15:00,61.80
2026-02-11 16:00,61.93
2026-02-11 17:00,61.85
2026-02-11 18:00,61.63
2026-02-11 19:00,61.55
2026-02-12 04:00,61.45
2026-02-12 08:00,61.46
2026-02-12 09:00,61.45
2026-02-12 12:00,60.23
2026-02-12 13:00,60.27
2026-02-12 14:00,60.50
2026-02-12 15:00,60.37
2026-02-12 17:00,60.23
2026-02-12 18:00,60.27
2026-02-12 19:00,60.50
2026-02-12 20:00,60.37
2026-02-13 07:00,60.16
2026-02-13 08:00,60.37
2026-02-13 09:00,60.21
2026-02-13 11:00,60.14
2026-02-13 12:00,60.16
2026-02-13 13:00,60.41
2026-02-13 14:00,60.31
2026-02-13 16:00,60.14
2026-02-13 18:00,60.41
2026-02-13 19:00,60.31
2026-02-17 06:00,60.92
2026-02-17 08:00,60.06
2026-02-17 11:00,60.24
2026-02-17 13:00,60.06
2026-02-17 14:00,60.00
2026-02-17 15:00,60.00
2026-02-17 16:00,59.90
2026-02-17 19:00,60.00
2026-02-17 20:00,60.00
2026-02-17 21:00,59.90
2026-02-18 03:00,60.34
2026-02-18 04:00,60.14
2026-02-18 05:00,60.34
2026-02-18 08:00,61.00
2026-02-18 09:00,61.29
2026-02-18 10:00,61.23
2026-02-18 12:00,61.47
2026-02-18 13:00,61.56
2026-02-18 14:00,61.42
2026-02-18 15:00,61.61
2026-02-18 17:00,61.47
2026-02-18 18:00,61.56
2026-02-18 19:00,61.42
2026-02-18 20:00,61.61
2026-02-19 10:00,61.92
2026-02-19 11:00,62.26
2026-02-19 12:00,62.20
2026-02-19 14:00,62.15
2026-02-19 15:00,62.23
2026-02-19 16:00,62.20
2026-02-19 17:00,62.20
2026-02-19 19:00,62.15
2026-02-19 20:00,62.23
2026-02-19 21:00,62.20
2026-02-20 04:00,62.23
2026-02-20 07:00,61.99
2026-02-20 08:00,62.09
2026-02-20 09:00,62.20
2026-02-20 10:00,62.00
2026-02-20 11:00,62.11
2026-02-20 12:00,61.99
2026-02-20 13:00,62.27
2026-02-20 14:00,62.11
2026-02-20 15:00,62.00
2026-02-20 16:00,62.08
2026-02-20 18:00,62.27
2026-02-20 19:00,62.11
2026-02-20 21:00,62.08
2026-02-22 23:00,61.69
2026-02-23 00:00,61.84
2026-02-23 03:00,62.03
2026-02-23 04:00,62.23
2026-02-23 05:00,62.16
2026-02-23 07:00,62.50
2026-02-23 08:00,62.41
2026-02-23 09:00,62.80
2026-02-23 10:00,62.47
2026-02-23 11:00,62.60
2026-02-23 12:00,62.20
2026-02-23 13:00,62.31
2026-02-23 14:00,62.34
2026-02-23 15:00,62.47
2026-02-23 16:00,62.41
2026-02-23 17:00,62.20
2026-02-23 18:00,62.40
2026-02-23 19:00,62.34
2026-02-23 21:00,62.64
2026-02-23 23:00,62.77
2026-02-24 00:00,62.75
2026-02-24 01:00,62.78
2026-02-24 02:00,62.64
2026-02-24 03:00,62.54
2026-02-24 04:00,62.51
2026-02-24 05:00,62.52
2026-02-24 06:00,62.78
2026-02-24 08:00,62.92
2026-02-24 09:00,62.64
2026-02-24 10:00,62.40
2026-02-24 11:00,62.36
2026-02-24 12:00,62.35
2026-02-24 13:00,62.92
2026-02-24 14:00,62.36
2026-02-24 15:00,62.72
2026-02-24 16:00,62.70
2026-02-24 17:00,62.35
2026-02-24 19:00,62.36
2026-02-24 20:00,62.72
2026-02-24 21:00,62.69
2026-02-24 22:00,62.53
2026-02-24 23:00,62.52
2026-02-25 01:00,62.41
2026-02-25 02:00,62.69
2026-02-25 03:00,62.41
2026-02-25 04:00,62.52
2026-02-25 05:00,62.56
2026-02-25 06:00,62.61
2026-02-25 07:00,62.68
2026-02-25 08:00,62.59
2026-02-25 09:00,62.33
2026-02-25 10:00,62.29
2026-02-25 11:00,62.22
2026-02-25 12:00,62.31
2026-02-25 13:00,62.44
2026-02-25 14:00,62.40
2026-02-25 15:00,62.26
2026-02-25 16:00,62.22
2026-02-25 17:00,62.31
2026-02-25 18:00,62.44
2026-02-25 19:00,62.40
2026-02-25 20:00,62.26
2026-02-25 21:00,62.36
2026-02-26 02:00,62.36
2026-02-26 03:00,62.37
2026-02-26 04:00,61.96
2026-02-26 07:00,61.36
2026-02-26 08:00,61.41
2026-02-26 09:00,61.28
2026-02-26 10:00,62.66
2026-02-26 11:00,62.44
2026-02-26 12:00,62.46
2026-02-26 13:00,62.04
2026-02-26 14:00,61.95
2026-02-26 15:00,61.96
2026-02-26 16:00,61.96
2026-02-26 17:00,62.46
2026-02-26 18:00,62.04
2026-02-26 19:00,61.95
2026-02-26 20:00,61.96
2026-02-26 21:00,61.61
2026-02-27 02:00,61.61
2026-02-27 03:00,62.09
2026-02-27 05:00,62.33
2026-02-27 06:00,62.53
2026-02-27 07:00,62.67
2026-02-27 08:00,63.20
2026-02-27 09:00,62.70
2026-02-27 10:00,62.65
2026-02-27 11:00,62.44
2026-02-27 12:00,62.37
2026-02-27 13:00,62.61
2026-02-27 14:00,62.61
2026-02-27 15:00,62.86
2026-02-27 16:00,62.77
2026-02-27 17:00,62.37
2026-02-27 18:00,62.61
2026-02-27 19:00,62.61
2026-02-27 20:00,62.86
2026-02-27 21:00,62.77
2026-03-01 18:00,65.18
2026-03-01 20:00,63.68
2026-03-01 21:00,63.64
2026-03-01 22:00,63.88
2026-03-01 23:00,64.18
2026-03-02 00:00,63.98
2026-03-02 01:00,64.12
2026-03-02 02:00,64.15
2026-03-02 03:00,64.38
2026-03-02 04:00,63.94
2026-03-02 05:00,64.05
2026-03-02 06:00,64.23
2026-03-02 07:00,64.44
2026-03-02 08:00,64.66
2026-03-02 09:00,63.96
2026-03-02 10:00,63.84
2026-03-02 11:00,63.53
2026-03-02 12:00,63.54
2026-03-02 13:00,63.29
2026-03-02 14:00,63.15
2026-03-02 15:00,63.53
2026-03-02 16:00,63.22
2026-03-02 17:00,63.54
2026-03-02 18:00,63.29
2026-03-02 19:00,63.15
2026-03-02 20:00,63.82
2026-03-02 21:00,64.08
2026-03-02 22:00,63.96
2026-03-03 00:00,64.26
2026-03-03 01:00,64.17
2026-03-03 02:00,64.72
2026-03-03 03:00,64.53
2026-03-03 04:00,65.16
2026-03-03 05:00,65.12
2026-03-03 06:00,65.34
2026-03-03 07:00,64.60
2026-03-03 08:00,64.03
2026-03-03 09:00,63.99
2026-03-03 10:00,64.04
2026-03-03 11:00,63.26
2026-03-03 12:00,63.59
2026-03-03 13:00,63.44
2026-03-03 14:00,63.07
2026-03-03 15:00,63.33
2026-03-03 16:00,63.37
2026-03-03 17:00,63.59
2026-03-03 18:00,63.76
2026-03-03 19:00,63.07
2026-03-03 20:00,63.08
2026-03-03 21:00,63.55
2026-03-03 22:00,63.41
2026-03-03 23:00,63.47
2026-03-04 01:00,63.94
2026-03-04 02:00,63.55
2026-03-04 03:00,64.13
2026-03-04 04:00,63.93
2026-03-04 05:00,63.39
2026-03-04 06:00,63.46
2026-03-04 07:00,63.41
2026-03-04 08:00,63.45
2026-03-04 09:00,63.66
2026-03-04 10:00,63.78
2026-03-04 11:00,63.72
2026-03-04 12:00,64.25
2026-03-04 13:00,64.19
2026-03-04 14:00,64.16
2026-03-04 15:00,63.98
2026-03-04 16:00,64.21
2026-03-04 17:00,64.25
2026-03-04 18:00,64.19
2026-03-04 19:00,64.16
2026-03-04 20:00,63.98
2026-03-04 21:00,64.45
2026-03-04 22:00,64.70
2026-03-04 23:00,64.73
2026-03-05 00:00,64.72
2026-03-05 01:00,64.48
2026-03-05 02:00,64.85
2026-03-05 03:00,65.26
2026-03-05 04:00,65.06
2026-03-05 05:00,65.02
2026-03-05 06:00,65.25
2026-03-05 07:00,65.18
2026-03-05 08:00,65.10
2026-03-05 09:00,65.25
2026-03-05 10:00,65.13
2026-03-05 11:00,65.41
2026-03-05 12:00,65.64
2026-03-05 13:00,65.74
2026-03-05 14:00,65.62
2026-03-05 15:00,65.50
2026-03-05 16:00,65.38
2026-03-05 17:00,65.64
2026-03-05 18:00,65.64
2026-03-05 19:00,65.62
2026-03-05 20:00,65.50
2026-03-05 21:00,65.62
2026-03-05 22:00,65.68
2026-03-05 23:00,65.64
2026-03-06 01:00,65.64
2026-03-06 02:00,65.62
2026-03-06 03:00,66.00
2026-03-06 04:00,66.69
2026-03-06 05:00,66.59
2026-03-06 06:00,67.15
2026-03-06 07:00,67.32
2026-03-06 08:00,67.40
2026-03-06 09:00,67.34
2026-03-06 10:00,66.49
2026-03-06 11:00,66.46
2026-03-06 12:00,66.56
2026-03-06 13:00,66.53
2026-03-06 14:00,67.02
2026-03-06 15:00,66.52
2026-03-06 16:00,66.98
2026-03-06 17:00,66.56
2026-03-06 18:00,66.53
2026-03-06 19:00,67.02
2026-03-06 20:00,66.52
2026-03-06 21:00,66.98
2026-03-08 18:00,70.70
2026-03-08 19:00,70.25
2026-03-08 20:00,70.00
2026-03-08 21:00,70.78
2026-03-08 22:00,71.19
2026-03-08 23:00,72.83
2026-03-09 00:00,72.08
2026-03-09 01:00,69.35
2026-03-09 02:00,70.05
2026-03-09 03:00,69.33
2026-03-09 04:00,69.25
2026-03-09 05:00,69.65
2026-03-09 06:00,69.42
2026-03-09 07:00,68.79
2026-03-09 08:00,68.78
2026-03-09 09:00,67.85
2026-03-09 10:00,68.40
2026-03-09 11:00,67.49
2026-03-09 12:00,67.56
2026-03-09 13:00,68.07
2026-03-09 14:00,68.71
2026-03-09 15:00,66.61
2026-03-09 16:00,66.76
2026-03-09 17:00,68.07
2026-03-09 18:00,68.71
2026-03-09 19:00,67.43
2026-03-09 20:00,66.78
2026-03-09 21:00,66.60
2026-03-09 22:00,66.45
2026-03-09 23:00,67.04
2026-03-10 00:00,66.92
2026-03-10 01:00,66.37
2026-03-10 02:00,66.45
2026-03-10 03:00,66.58
2026-03-10 04:00,67.35
2026-03-10 05:00,67.49
2026-03-10 06:00,67.73
2026-03-10 07:00,67.51
2026-03-10 08:00,67.96
2026-03-10 09:00,67.68
2026-03-10 10:00,66.87
2026-03-10 11:00,67.24
2026-03-10 12:00,66.78
2026-03-10 13:00,66.24
2026-03-10 14:00,67.14
2026-03-10 15:00,67.80
2026-03-10 16:00,67.64
2026-03-10 17:00,66.24
2026-03-10 18:00,68.02
2026-03-10 19:00,67.36
2026-03-10 20:00,67.47
2026-03-10 21:00,67.50
2026-03-10 22:00,67.92
2026-03-10 23:00,67.71
2026-03-11 00:00,67.89
2026-03-11 01:00,68.52
2026-03-11 02:00,67.92
2026-03-11 03:00,68.27
2026-03-11 04:00,68.24
2026-03-11 05:00,68.55
2026-03-11 06:00,67.86
2026-03-11 07:00,68.49
2026-03-11 08:00,68.34
2026-03-11 09:00,68.06
2026-03-11 10:00,68.15
2026-03-11 11:00,68.45
2026-03-11 12:00,68.21
2026-03-11 13:00,68.90
2026-03-11 14:00,69.37
2026-03-11 15:00,69.77
2026-03-11 16:00,69.43
2026-03-11 17:00,68.90
2026-03-11 18:00,69.37
2026-03-11 19:00,70.90
2026-03-11 20:00,70.26
2026-03-11 21:00,69.70
2026-03-11 22:00,70.43
2026-03-11 23:00,70.49
2026-03-12 00:00,70.57
2026-03-12 01:00,70.31
2026-03-12 02:00,69.81
2026-03-12 03:00,69.51
2026-03-12 04:00,70.16
2026-03-12 05:00,70.24
2026-03-12 06:00,69.87
2026-03-12 07:00,70.59
2026-03-12 08:00,70.30
2026-03-12 09:00,70.61
2026-03-12 10:00,70.55
2026-03-12 11:00,70.64
2026-03-12 12:00,70.55
2026-03-12 13:00,71.14
2026-03-12 14:00,72.13
2026-03-12 15:00,72.07
2026-03-12 16:00,71.58
2026-03-12 17:00,71.14
2026-03-12 18:00,72.50
2026-03-12 19:00,72.12
2026-03-12 20:00,71.58
2026-03-12 21:00,72.00
2026-03-12 22:00,72.08
2026-03-12 23:00,72.12
2026-03-13 01:00,72.00
2026-03-13 02:00,71.47
2026-03-13 03:00,72.60
2026-03-13 04:00,72.57
2026-03-13 05:00,71.99
2026-03-13 06:00,71.81
2026-03-13 07:00,72.01
2026-03-13 08:00,71.73
2026-03-13 09:00,71.64
2026-03-13 10:00,71.86
2026-03-13 11:00,72.15
2026-03-13 12:00,71.78
2026-03-13 13:00,72.08
2026-03-13 14:00,72.13
2026-03-13 15:00,72.25
2026-03-13 16:00,72.62
2026-03-13 17:00,72.08
2026-03-13 18:00,72.13
2026-03-13 19:00,72.25
2026-03-13 20:00,72.62
2026-03-15 18:00,72.84
2026-03-15 19:00,72.63
2026-03-15 20:00,72.56
2026-03-15 22:00,72.84
2026-03-15 23:00,72.63
2026-03-16 00:00,72.56
2026-03-16 02:00,72.42
2026-03-16 03:00,72.90
2026-03-16 04:00,72.72
2026-03-16 05:00,72.57
2026-03-16 06:00,71.82
2026-03-16 07:00,72.16
2026-03-16 08:00,71.66
2026-03-16 09:00,70.94
2026-03-16 10:00,72.38
2026-03-16 11:00,72.43
2026-03-16 12:00,72.55
2026-03-16 13:00,72.13
2026-03-16 14:00,71.91
2026-03-16 15:00,72.11
2026-03-16 16:00,72.16
2026-03-16 17:00,72.13
2026-03-16 18:00,72.81
2026-03-16 19:00,72.11
2026-03-16 20:00,72.75
2026-03-16 21:00,72.75
2026-03-16 22:00,72.81
2026-03-17 00:00,72.69
2026-03-17 01:00,72.94
2026-03-17 03:00,73.28
2026-03-17 04:00,73.73
2026-03-17 05:00,73.76
2026-03-17 06:00,73.87
2026-03-17 07:00,74.00
2026-03-17 08:00,73.25
2026-03-17 09:00,72.63
2026-03-17 10:00,72.82
2026-03-17 11:00,73.46
2026-03-17 12:00,73.11
2026-03-17 13:00,73.09
2026-03-17 14:00,73.40
2026-03-17 15:00,73.39
2026-03-17 16:00,73.57
2026-03-17 17:00,73.09
2026-03-17 18:00,73.61
2026-03-17 19:00,73.67
2026-03-17 20:00,73.75
2026-03-17 21:00,73.17
2026-03-17 22:00,72.99
2026-03-17 23:00,72.69
2026-03-18 00:00,72.72
2026-03-18 01:00,72.72
2026-03-18 02:00,72.58
2026-03-18 03:00,72.77
2026-03-18 04:00,73.11
2026-03-18 05:00,73.10
2026-03-18 06:00,73.06
2026-03-18 07:00,73.56
2026-03-18 08:00,74.66
2026-03-18 09:00,74.90
2026-03-18 10:00,74.72
2026-03-18 11:00,74.86
2026-03-18 12:00,74.66
2026-03-18 13:00,74.67
2026-03-18 14:00,74.79
2026-03-18 15:00,75.15
2026-03-18 16:00,75.75
2026-03-18 17:00,74.67
2026-03-18 18:00,75.60
2026-03-18 19:00,75.70
2026-03-18 20:00,75.56
2026-03-18 21:00,75.63
2026-03-18 22:00,75.36
2026-03-18 23:00,75.27
2026-03-19 00:00,75.42
2026-03-19 01:00,75.48
2026-03-19 02:00,75.64
2026-03-19 03:00,75.55
2026-03-19 04:00,75.74
2026-03-19 05:00,75.04
2026-03-19 06:00,75.35
2026-03-19 07:00,75.40
2026-03-19 08:00,75.04
2026-03-19 09:00,74.95
2026-03-19 10:00,75.29
2026-03-19 11:00,75.31
2026-03-19 12:00,75.39
2026-03-19 13:00,75.66
2026-03-19 14:00,75.46
2026-03-19 15:00,74.77
2026-03-19 16:00,75.14
2026-03-19 17:00,75.66
2026-03-19 18:00,74.70
2026-03-19 19:00,74.55
2026-03-19 20:00,74.47
2026-03-19 21:00,74.25
2026-03-19 22:00,74.53
2026-03-19 23:00,74.83
2026-03-20 00:00,74.96
2026-03-20 01:00,74.80
2026-03-20 02:00,75.39
2026-03-20 03:00,75.03
2026-03-20 04:00,76.00
2026-03-20 05:00,76.11
2026-03-20 06:00,76.05
2026-03-20 07:00,75.02
2026-03-20 08:00,74.83
2026-03-20 09:00,75.64
2026-03-20 10:00,75.74
2026-03-20 11:00,75.35
2026-03-20 12:00,75.92
2026-03-20 13:00,75.84
2026-03-20 14:00,75.97
2026-03-20 15:00,75.41
2026-03-20 16:00,76.08
2026-03-20 17:00,75.84
2026-03-20 18:00,75.97
2026-03-20 19:00,75.41
2026-03-20 20:00,76.08
2026-03-22 18:00,75.76
2026-03-22 19:00,76.17
2026-03-22 20:00,75.95
2026-03-22 21:00,76.24
2026-03-22 22:00,76.61
2026-03-22 23:00,76.85
2026-03-23 00:00,76.58
2026-03-23 01:00,76.42
2026-03-23 02:00,77.51
2026-03-23 03:00,77.94
2026-03-23 04:00,77.86
2026-03-23 05:00,77.81
2026-03-23 06:00,77.01
2026-03-23 07:00,74.24
2026-03-23 08:00,72.70
2026-03-23 09:00,72.62
2026-03-23 10:00,72.41
2026-03-23 11:00,72.26
2026-03-23 12:00,71.90
2026-03-23 13:00,71.49
2026-03-23 14:00,71.53
2026-03-23 15:00,72.35
2026-03-23 16:00,72.35
2026-03-23 17:00,71.49
2026-03-23 18:00,71.53
2026-03-23 19:00,72.50
2026-03-23 20:00,73.45
2026-03-23 21:00,73.90
2026-03-23 22:00,73.72
2026-03-23 23:00,73.78
2026-03-24 00:00,73.72
2026-03-24 01:00,73.81
2026-03-24 02:00,73.22
2026-03-24 03:00,73.06
2026-03-24 04:00,73.17
2026-03-24 05:00,73.00
2026-03-24 06:00,73.58
2026-03-24 07:00,73.83
2026-03-24 08:00,74.00
2026-03-24 09:00,74.41
2026-03-24 10:00,73.87
2026-03-24 11:00,74.48
2026-03-24 12:00,74.45
2026-03-24 13:00,74.31
2026-03-24 14:00,74.32
2026-03-24 15:00,74.04
2026-03-24 16:00,72.65
2026-03-24 17:00,74.31
2026-03-24 18:00,72.56
2026-03-24 19:00,72.71
2026-03-24 20:00,71.76
2026-03-24 21:00,72.11
2026-03-24 22:00,72.68
2026-03-24 23:00,72.85
2026-03-25 00:00,71.76
2026-03-25 01:00,72.81
2026-03-25 02:00,72.90
2026-03-25 03:00,72.70
2026-03-25 04:00,72.14
2026-03-25 05:00,72.75
2026-03-25 06:00,72.23
2026-03-25 07:00,72.03
2026-03-25 08:00,72.71
2026-03-25 09:00,73.08
2026-03-25 10:00,73.07
2026-03-25 11:00,73.36
2026-03-25 12:00,73.29
2026-03-25 13:00,72.90
2026-03-25 14:00,74.01
2026-03-25 15:00,73.55
2026-03-25 16:00,73.64
2026-03-25 17:00,72.90
2026-03-25 18:00,73.58
2026-03-25 19:00,73.45
2026-03-25 20:00,73.70
2026-03-25 21:00,73.45
2026-03-25 22:00,73.58
2026-03-25 23:00,73.45
2026-03-26 00:00,74.23
2026-03-26 01:00,74.05
2026-03-26 03:00,74.92
2026-03-26 04:00,75.07
2026-03-26 05:00,75.09
2026-03-26 06:00,74.69
2026-03-26 07:00,74.85
2026-03-26 08:00,74.99
2026-03-26 09:00,74.51
2026-03-26 10:00,74.49
2026-03-26 11:00,74.86
2026-03-26 12:00,74.86
2026-03-26 13:00,75.02
2026-03-26 14:00,74.75
2026-03-26 15:00,74.71
2026-03-26 16:00,74.42
2026-03-26 17:00,75.02
2026-03-26 18:00,74.72
2026-03-26 19:00,74.71
2026-03-26 20:00,74.66
2026-03-26 22:00,74.16
2026-03-26 23:00,74.41
2026-03-27 00:00,74.66
2026-03-27 01:00,74.44
2026-03-27 02:00,74.16
2026-03-27 03:00,74.64
2026-03-27 04:00,75.32
2026-03-27 05:00,75.09
2026-03-27 06:00,75.61
2026-03-27 07:00,75.32
2026-03-27 08:00,75.15
2026-03-27 09:00,75.22
2026-03-27 10:00,74.60
2026-03-27 11:00,74.43
2026-03-27 12:00,74.50
2026-03-27 13:00,74.35
2026-03-27 14:00,74.61
2026-03-27 15:00,74.50
2026-03-27 16:00,74.68
2026-03-27 17:00,74.35
2026-03-27 18:00,74.61
2026-03-27 19:00,74.50
2026-03-27 20:00,74.68
2026-03-29 18:00,75.24
2026-03-29 19:00,75.39
2026-03-29 20:00,75.42
2026-03-29 21:00,75.06
2026-03-29 22:00,74.85
2026-03-29 23:00,75.06
2026-03-30 00:00,75.42
2026-03-30 01:00,74.98
2026-03-30 02:00,74.72
2026-03-30 03:00,75.13
2026-03-30 04:00,75.00
2026-03-30 05:00,74.91
2026-03-30 06:00,74.92
2026-03-30 07:00,74.63
2026-03-30 08:00,74.52
2026-03-30 09:00,74.88
2026-03-30 10:00,74.45
2026-03-30 11:00,74.38
2026-03-30 12:00,74.14
2026-03-30 13:00,74.41
2026-03-30 14:00,74.25
2026-03-30 15:00,74.21
2026-03-30 16:00,74.53
2026-03-30 17:00,74.41
2026-03-30 18:00,74.46
2026-03-30 19:00,74.82
2026-03-30 20:00,74.12
2026-03-30 21:00,73.38
2026-03-30 22:00,73.82
2026-03-30 23:00,74.05
2026-03-31 00:00,73.81
2026-03-31 01:00,73.99
2026-03-31 02:00,73.95
2026-03-31 03:00,73.77
2026-03-31 04:00,73.59
2026-03-31 05:00,73.83
2026-03-31 06:00,73.94
2026-03-31 07:00,73.62
2026-03-31 08:00,73.78
2026-03-31 09:00,73.50
2026-03-31 10:00,73.49
2026-03-31 11:00,72.91
2026-03-31 12:00,71.62
2026-03-31 13:00,71.80
2026-03-31 14:00,70.83
2026-03-31 15:00,71.00
2026-03-31 16:00,70.63
2026-03-31 17:00,71.80
2026-03-31 18:00,71.19
2026-03-31 19:00,70.69
2026-03-31 20:00,70.63
2026-03-31 21:00,71.48
2026-03-31 22:00,71.81
2026-03-31 23:00,71.72
2026-04-01 01:00,71.14
2026-04-01 02:00,70.21
2026-04-01 03:00,70.36
2026-04-01 04:00,70.75
2026-04-01 05:00,71.14
2026-04-01 06:00,71.16
2026-04-01 07:00,70.10
2026-04-01 08:00,70.14
2026-04-01 09:00,69.41
2026-04-01 10:00,69.43
2026-04-01 11:00,69.61
2026-04-01 12:00,69.57
2026-04-01 13:00,69.39
2026-04-01 14:00,69.56
2026-04-01 15:00,69.54
2026-04-01 16:00,69.47
2026-04-01 17:00,69.39
2026-04-01 18:00,69.60
2026-04-01 19:00,69.54
2026-04-01 20:00,69.35
2026-04-01 21:00,71.56
2026-04-01 22:00,71.46
2026-04-01 23:00,71.52
2026-04-02 00:00,71.94
2026-04-02 01:00,71.97
2026-04-02 02:00,71.66
2026-04-02 03:00,71.26
2026-04-02 04:00,71.13
2026-04-02 05:00,70.65
2026-04-02 06:00,71.66
2026-04-02 07:00,70.96
2026-04-02 08:00,70.78
2026-04-02 09:00,70.70
2026-04-02 10:00,68.92
2026-04-02 11:00,69.16
2026-04-02 12:00,69.05
2026-04-02 13:00,69.36
2026-04-02 14:00,69.84
2026-04-02 15:00,69.91
2026-04-02 16:00,70.08
2026-04-02 17:00,69.36
2026-04-02 18:00,69.84
2026-04-02 19:00,69.91
2026-04-02 20:00,70.08
2026-04-05 18:00,70.50
2026-04-05 19:00,70.21
2026-04-05 21:00,70.00
2026-04-05 22:00,69.69
2026-04-05 23:00,70.16
2026-04-06 01:00,70.00
2026-04-06 02:00,70.08
2026-04-06 03:00,69.86
2026-04-06 04:00,70.02
2026-04-06 05:00,70.03
2026-04-06 06:00,69.98
2026-04-06 07:00,70.42
2026-04-06 08:00,70.58
2026-04-06 09:00,70.62
2026-04-06 10:00,70.71
2026-04-06 11:00,70.97
2026-04-06 12:00,71.27
2026-04-06 13:00,71.77
2026-04-06 14:00,71.49
2026-04-06 15:00,71.55
2026-04-06 16:00,71.73
2026-04-06 17:00,71.77
2026-04-06 18:00,71.49
2026-04-06 19:00,71.55
2026-04-06 20:00,71.99
2026-04-06 21:00,72.39
2026-04-06 22:00,72.40
2026-04-06 23:00,72.45
2026-04-07 00:00,72.56
2026-04-07 01:00,72.39
2026-04-07 02:00,72.40
2026-04-07 03:00,72.38
2026-04-07 04:00,71.92
2026-04-07 05:00,72.00
2026-04-07 06:00,72.50
2026-04-07 07:00,72.56
2026-04-07 08:00,72.48
2026-04-07 09:00,72.60
2026-04-07 10:00,72.97
2026-04-07 11:00,72.75
2026-04-07 12:00,72.95
2026-04-07 13:00,73.23
2026-04-07 14:00,73.00
2026-04-07 15:00,71.72
2026-04-07 16:00,71.72
2026-04-07 17:00,73.23
2026-04-07 18:00,70.20
2026-04-07 19:00,70.15
2026-04-07 20:00,69.87
2026-04-07 21:00,69.73
2026-04-07 22:00,69.91
2026-04-07 23:00,69.64
2026-04-08 00:00,69.64
2026-04-08 01:00,69.51
2026-04-08 02:00,69.49
2026-04-08 03:00,70.27
2026-04-08 04:00,70.24
2026-04-08 05:00,70.33
2026-04-08 06:00,70.14
2026-04-08 07:00,69.63
2026-04-08 08:00,69.40
2026-04-08 09:00,70.25
2026-04-08 10:00,70.39
2026-04-08 11:00,70.63
2026-04-08 12:00,70.71
2026-04-08 13:00,71.97
2026-04-08 14:00,72.30
2026-04-08 15:00,72.44
2026-04-08 16:00,73.03
2026-04-08 17:00,71.97
2026-04-08 18:00,73.01
2026-04-08 19:00,73.26
2026-04-08 20:00,73.18
2026-04-08 21:00,72.82
2026-04-08 22:00,72.30
2026-04-08 23:00,72.40
2026-04-09 00:00,73.18
2026-04-09 01:00,72.58
2026-04-09 02:00,72.38
2026-04-09 03:00,72.24
2026-04-09 04:00,72.48
2026-04-09 05:00,72.35
2026-04-09 06:00,72.30
2026-04-09 07:00,71.82
2026-04-09 08:00,72.54
2026-04-09 09:00,72.43
2026-04-09 10:00,72.71
2026-04-09 11:00,71.91
2026-04-09 12:00,71.99
2026-04-09 13:00,71.99
2026-04-09 14:00,72.26
2026-04-09 15:00,72.25
2026-04-09 16:00,72.43
2026-04-09 17:00,71.99
2026-04-09 18:00,72.26
2026-04-09 19:00,72.33
2026-04-09 20:00,72.37
2026-04-09 21:00,72.21
2026-04-09 22:00,72.31
2026-04-09 23:00,72.11
2026-04-10 00:00,72.15
2026-04-10 01:00,72.21
2026-04-10 02:00,72.32
2026-04-10 03:00,72.68
2026-04-10 04:00,72.77
2026-04-10 05:00,72.46
2026-04-10 06:00,72.36
2026-04-10 07:00,72.54
2026-04-10 08:00,72.47
2026-04-10 09:00,72.54
2026-04-10 10:00,72.60
2026-04-10 11:00,73.33
2026-04-10 12:00,73.34
2026-04-10 13:00,73.24
2026-04-10 14:00,72.82
2026-04-10 15:00,72.84
2026-04-10 16:00,72.76
2026-04-10 17:00,73.24
2026-04-10 18:00,72.82
2026-04-10 19:00,72.84
2026-04-10 20:00,72.76
2026-04-12 18:00,74.94
2026-04-12 19:00,74.41
2026-04-12 20:00,74.48
2026-04-12 21:00,74.10
2026-04-12 22:00,74.17
2026-04-12 23:00,74.41
2026-04-13 00:00,74.48
2026-04-13 01:00,74.23
2026-04-13 02:00,74.15
2026-04-13 03:00,74.19
2026-04-13 04:00,74.29
2026-04-13 05:00,74.23
2026-04-13 06:00,74.63
2026-04-13 07:00,74.63
2026-04-13 08:00,74.67
2026-04-13 09:00,73.98
2026-04-13 10:00,74.21
2026-04-13 11:00,74.86
2026-04-13 12:00,74.75
2026-04-13 13:00,74.70
2026-04-13 14:00,74.45
2026-04-13 15:00,74.42
2026-04-13 16:00,74.26
2026-04-13 17:00,74.70
2026-04-13 18:00,74.45
2026-04-13 19:00,74.19
2026-04-13 20:00,74.26
2026-04-13 21:00,74.16
2026-04-13 23:00,74.33
2026-04-14 00:00,74.28
2026-04-14 01:00,74.40
2026-04-14 02:00,74.47
2026-04-14 03:00,74.85
2026-04-14 04:00,75.10
2026-04-14 05:00,75.01
2026-04-14 06:00,75.08
2026-04-14 07:00,74.75
2026-04-14 08:00,74.61
2026-04-14 09:00,74.34
2026-04-14 10:00,73.75
2026-04-14 11:00,73.84
2026-04-14 12:00,73.55
2026-04-14 13:00,73.69
2026-04-14 14:00,73.54
2026-04-14 15:00,73.35
2026-04-14 16:00,73.51
2026-04-14 17:00,73.69
2026-04-14 18:00,73.54
2026-04-14 19:00,73.18
2026-04-14 20:00,73.36
2026-04-14 22:00,73.41
2026-04-14 23:00,73.28
2026-04-15 00:00,73.36
2026-04-15 01:00,73.58
2026-04-15 02:00,73.40
2026-04-15 03:00,73.83
2026-04-15 04:00,74.40
2026-04-15 05:00,74.16
2026-04-15 06:00,74.07
2026-04-15 07:00,73.79
2026-04-15 08:00,73.71
2026-04-15 09:00,73.94
2026-04-15 10:00,74.16
2026-04-15 11:00,74.55
2026-04-15 12:00,74.49
2026-04-15 13:00,74.74
2026-04-15 14:00,74.35
2026-04-15 15:00,74.35
2026-04-15 16:00,74.37
2026-04-15 17:00,74.74
2026-04-15 18:00,74.35
2026-04-15 19:00,74.35
2026-04-15 20:00,74.37
2026-04-15 22:00,74.48
2026-04-16 02:00,74.48
2026-04-16 03:00,74.60
2026-04-16 04:00,74.72
2026-04-16 05:00,74.73
2026-04-16 06:00,74.55
2026-04-16 07:00,74.05
2026-04-16 08:00,74.72
2026-04-16 09:00,74.46
2026-04-16 10:00,74.56
2026-04-16 11:00,74.55
2026-04-16 12:00,74.55
2026-04-16 13:00,74.59
2026-04-16 14:00,74.47
2026-04-16 15:00,74.22
2026-04-16 16:00,74.29
2026-04-16 17:00,74.59
2026-04-16 18:00,74.47
2026-04-16 19:00,74.22
2026-04-16 20:00,74.29
2026-04-16 21:00,74.13
2026-04-16 23:00,74.13
2026-04-17 00:00,73.91
2026-04-17 01:00,73.92
2026-04-17 03:00,74.13
2026-04-17 04:00,73.93
2026-04-17 05:00,73.18
2026-04-17 06:00,73.47
2026-04-17 07:00,73.54
2026-04-17 08:00,70.71
2026-04-17 09:00,70.68
2026-04-17 10:00,69.84
2026-04-17 11:00,70.38
2026-04-17 12:00,70.51
2026-04-17 13:00,70.90
2026-04-17 14:00,71.31
2026-04-17 15:00,71.24
2026-04-17 16:00,71.08
2026-04-17 17:00,70.90
2026-04-17 18:00,71.31
2026-04-17 19:00,71.24
2026-04-17 20:00,71.08
2026-04-20 05:00,73.33
2026-04-20 07:00,72.93
2026-04-20 08:00,73.13
2026-04-20 09:00,72.63
2026-04-20 10:00,72.99
2026-04-20 11:00,73.20
2026-04-20 12:00,72.94
2026-04-20 13:00,72.78
2026-04-20 14:00,72.74
2026-04-20 15:00,72.50
2026-04-20 16:00,71.69
2026-04-20 17:00,72.78
2026-04-20 18:00,72.74
2026-04-20 19:00,72.50
2026-04-20 20:00,71.69
2026-04-20 21:00,72.22
2026-04-20 22:00,72.02
2026-04-21 01:00,72.22
2026-04-21 02:00,72.31
2026-04-21 03:00,72.30
2026-04-21 04:00,72.52
2026-04-21 05:00,72.75
2026-04-21 06:00,72.47
2026-04-21 07:00,72.76
2026-04-21 08:00,73.08
2026-04-21 09:00,73.04
2026-04-21 10:00,73.45
2026-04-21 11:00,73.31
2026-04-21 12:00,73.33
2026-04-21 13:00,72.70
2026-04-21 14:00,72.91
2026-04-21 15:00,73.56
2026-04-21 16:00,73.10
2026-04-21 17:00,72.70
2026-04-21 18:00,72.91
2026-04-21 19:00,73.56
2026-04-21 20:00,72.59
2026-04-21 21:00,72.67
2026-04-21 23:00,72.60
2026-04-22 00:00,72.53
2026-04-22 01:00,72.44
2026-04-22 02:00,72.67
2026-04-22 03:00,72.60
2026-04-22 04:00,73.55
2026-04-22 05:00,73.50
2026-04-22 06:00,73.20
2026-04-22 07:00,73.20
2026-04-22 08:00,72.96
2026-04-22 09:00,73.40
2026-04-22 10:00,73.64
2026-04-22 11:00,73.56
2026-04-22 12:00,73.80
2026-04-22 13:00,73.88
2026-04-22 14:00,73.98
2026-04-22 15:00,73.84
2026-04-22 16:00,73.92
2026-04-22 17:00,73.88
2026-04-22 18:00,73.83
2026-04-22 19:00,73.84
2026-04-22 20:00,73.60
2026-04-22 21:00,73.75
2026-04-22 22:00,74.21
2026-04-22 23:00,74.35
2026-04-23 00:00,74.05
2026-04-23 01:00,73.75
2026-04-23 02:00,74.00
2026-04-23 03:00,74.27
2026-04-23 04:00,74.61
2026-04-23 05:00,74.60
2026-04-23 06:00,74.41
2026-04-23 07:00,73.81
2026-04-23 08:00,74.22
2026-04-23 09:00,74.28
2026-04-23 10:00,74.31
2026-04-23 11:00,74.37
2026-04-23 12:00,74.25
2026-04-23 13:00,74.32
2026-04-23 14:00,74.96
2026-04-23 15:00,75.14
2026-04-23 16:00,75.15
2026-04-23 17:00,74.32
2026-04-23 18:00,75.31
2026-04-23 19:00,75.14
2026-04-23 20:00,75.15
2026-04-23 21:00,75.41
2026-04-23 22:00,75.31
2026-04-23 23:00,74.85
2026-04-24 00:00,74.77
2026-04-24 01:00,74.47
2026-04-24 02:00,74.72
2026-04-24 03:00,75.16
2026-04-24 04:00,75.43
2026-04-24 05:00,75.70
2026-04-24 06:00,75.34
2026-04-24 07:00,73.84
2026-04-24 08:00,74.84
2026-04-24 09:00,74.49
2026-04-24 10:00,74.83
2026-04-24 11:00,74.32
2026-04-24 12:00,74.44
2026-04-24 13:00,74.20
2026-04-24 14:00,74.42
2026-04-24 15:00,74.78
2026-04-24 16:00,74.66
2026-04-24 17:00,74.20
2026-04-24 18:00,74.42
2026-04-24 19:00,74.78
2026-04-24 20:00,74.66
2026-04-26 18:00,75.55
2026-04-26 20:00,75.48
2026-04-26 21:00,75.43
2026-04-26 22:00,75.55
2026-04-27 00:00,75.48
2026-04-27 01:00,75.42
2026-04-27 03:00,75.79
2026-04-27 04:00,75.93
2026-04-27 05:00,75.42
2026-04-27 06:00,75.50
2026-04-27 07:00,74.83
2026-04-27 08:00,75.08
2026-04-27 09:00,75.27
2026-04-27 10:00,74.89
2026-04-27 11:00,75.17
2026-04-27 12:00,75.09
2026-04-27 13:00,75.41
2026-04-27 14:00,75.17
2026-04-27 15:00,75.18
2026-04-27 16:00,75.17
2026-04-27 17:00,75.41
2026-04-27 18:00,75.17
2026-04-27 19:00,75.18
2026-04-27 20:00,75.17
2026-04-27 21:00,75.53
2026-04-27 22:00,75.65
2026-04-28 00:00,75.58
2026-04-28 01:00,75.84
2026-04-28 02:00,75.72
2026-04-28 03:00,76.57
2026-04-28 04:00,76.45
2026-04-28 05:00,75.84
2026-04-28 06:00,75.72
2026-04-28 07:00,76.98
2026-04-28 08:00,75.61
2026-04-28 09:00,75.37
2026-04-28 10:00,75.06
2026-04-28 11:00,75.17
2026-04-28 12:00,74.81
2026-04-28 13:00,74.71
2026-04-28 14:00,75.09
2026-04-28 15:00,75.05
2026-04-28 16:00,75.10
2026-04-28 17:00,74.71
2026-04-28 18:00,75.09
2026-04-28 19:00,75.05
2026-04-28 20:00,75.10
2026-04-28 21:00,75.38
2026-04-28 22:00,75.10
2026-04-29 01:00,75.38
2026-04-29 02:00,75.72
2026-04-29 03:00,75.85
2026-04-29 04:00,76.31
2026-04-29 05:00,76.39
2026-04-29 06:00,76.24
2026-04-29 07:00,75.96
2026-04-29 08:00,76.06
2026-04-29 09:00,76.22
2026-04-29 10:00,75.83
2026-04-29 11:00,75.77
2026-04-29 12:00,75.14
2026-04-29 13:00,75.02
2026-04-29 14:00,75.27
2026-04-29 15:00,75.46
2026-04-29 16:00,75.64
2026-04-29 17:00,75.02
2026-04-29 18:00,75.22
2026-04-29 19:00,75.46
2026-04-29 20:00,75.20
2026-04-29 21:00,75.05
2026-04-29 22:00,75.53
2026-04-29 23:00,75.92
2026-04-30 00:00,76.55
2026-04-30 01:00,76.65
2026-04-30 02:00,75.99
2026-04-30 03:00,75.75
2026-04-30 04:00,75.75
2026-04-30 05:00,75.61
2026-04-30 06:00,75.49
2026-04-30 07:00,74.69
2026-04-30 08:00,75.15
2026-04-30 09:00,75.31
2026-04-30 10:00,75.52
2026-04-30 11:00,75.69
2026-04-30 12:00,75.92
2026-04-30 13:00,76.02
2026-04-30 14:00,76.24
2026-04-30 15:00,76.15
2026-04-30 16:00,76.54
2026-04-30 17:00,76.02
2026-04-30 18:00,76.80
2026-04-30 19:00,76.15
2026-04-30 20:00,76.99
2026-04-30 21:00,77.22
2026-04-30 22:00,76.80
2026-05-01 00:00,76.75
2026-05-01 01:00,77.22
2026-05-01 02:00,76.82
2026-05-01 03:00,77.04
2026-05-01 04:00,76.91
2026-05-01 06:00,77.18
2026-05-01 07:00,76.86
2026-05-01 08:00,76.48
2026-05-01 09:00,75.68
2026-05-01 10:00,75.44
2026-05-01 11:00,75.40
2026-05-01 12:00,75.91
2026-05-01 13:00,75.69
2026-05-01 14:00,76.03
2026-05-01 15:00,75.91
2026-05-01 16:00,76.25
2026-05-01 17:00,75.69
2026-05-01 18:00,76.03
2026-05-01 19:00,75.91
2026-05-01 20:00,76.25
2026-05-03 18:00,75.34
2026-05-03 20:00,76.00
2026-05-03 21:00,76.29
2026-05-03 22:00,76.30
2026-05-03 23:00,76.54
2026-05-04 00:00,76.00
2026-05-04 01:00,76.29
2026-05-04 02:00,75.94
2026-05-04 03:00,77.18
2026-05-04 04:00,77.27
2026-05-04 05:00,77.14
2026-05-04 06:00,77.41
2026-05-04 07:00,77.74
2026-05-04 08:00,77.29
2026-05-04 09:00,77.86
2026-05-04 10:00,77.96
2026-05-04 11:00,78.40
2026-05-04 12:00,78.85
2026-05-04 13:00,78.71
2026-05-04 14:00,79.22
2026-05-04 15:00,78.92
2026-05-04 16:00,78.87
2026-05-04 17:00,78.71
2026-05-04 18:00,79.22
2026-05-04 19:00,78.92
2026-05-04 20:00,78.80
2026-05-04 21:00,78.52
2026-05-04 22:00,78.46
2026-05-05 00:00,78.80
2026-05-05 01:00,78.52
2026-05-05 02:00,78.99
2026-05-05 03:00,78.58
2026-05-05 04:00,78.67
2026-05-05 05:00,78.39
2026-05-05 06:00,78.46
2026-05-05 07:00,78.55
2026-05-05 08:00,77.84
2026-05-05 09:00,77.12
2026-05-05 10:00,77.39
2026-05-05 11:00,77.54
2026-05-05 12:00,77.76
2026-05-05 13:00,77.70
2026-05-05 14:00,77.44
2026-05-05 15:00,78.01
2026-05-05 16:00,77.88
2026-05-05 17:00,77.70
2026-05-05 18:00,77.34
2026-05-05 19:00,76.95
2026-05-05 20:00,77.88
2026-05-05 21:00,76.74
2026-05-05 22:00,77.34
2026-05-05 23:00,76.95
2026-05-06 00:00,76.75
2026-05-06 01:00,76.74
2026-05-06 02:00,76.81
2026-05-06 03:00,76.16
2026-05-06 04:00,74.85
2026-05-06 05:00,73.41
2026-05-06 06:00,73.02
2026-05-06 07:00,73.39
2026-05-06 08:00,73.43
2026-05-06 09:00,74.51
2026-05-06 10:00,74.37
2026-05-06 11:00,74.27
2026-05-06 12:00,74.22
2026-05-06 13:00,74.32
2026-05-06 14:00,73.77
2026-05-06 15:00,73.76
2026-05-06 16:00,73.56
2026-05-06 17:00,74.32
2026-05-06 18:00,73.77
2026-05-06 19:00,73.76
2026-05-06 20:00,73.85
2026-05-06 21:00,73.66
2026-05-06 22:00,73.68
2026-05-06 23:00,73.70
2026-05-07 00:00,73.85
2026-05-07 01:00,73.66
2026-05-07 02:00,73.31
2026-05-07 03:00,73.08
2026-05-07 04:00,72.87
2026-05-07 05:00,72.98
2026-05-07 06:00,73.39
2026-05-07 07:00,72.74
2026-05-07 08:00,72.16
2026-05-07 09:00,72.82
2026-05-07 10:00,72.53
2026-05-07 11:00,73.48
2026-05-07 12:00,73.46
2026-05-07 13:00,73.77
2026-05-07 14:00,74.21
2026-05-07 15:00,74.50
2026-05-07 16:00,75.23
2026-05-07 17:00,73.77
2026-05-07 18:00,75.28
2026-05-07 19:00,74.50
2026-05-07 20:00,75.23
2026-05-07 21:00,74.48
2026-05-07 22:00,74.63
2026-05-07 23:00,74.77
2026-05-08 00:00,74.79
2026-05-08 01:00,74.48
2026-05-08 02:00,74.32
2026-05-08 03:00,74.54
2026-05-08 04:00,74.31
2026-05-08 05:00,74.11
2026-05-08 06:00,74.40
2026-05-08 07:00,74.87
2026-05-08 08:00,74.67
2026-05-08 09:00,74.40
2026-05-08 10:00,75.46
2026-05-08 11:00,75.98
2026-05-08 12:00,75.68
2026-05-08 13:00,75.73
2026-05-08 14:00,75.85
2026-05-08 15:00,75.72
2026-05-08 16:00,76.03
2026-05-08 17:00,75.73
2026-05-08 18:00,75.85
2026-05-08 19:00,75.72
2026-05-08 20:00,76.03
2026-05-10 19:00,77.80
2026-05-10 21:00,77.88
2026-05-10 23:00,77.80
2026-05-11 01:00,77.88
2026-05-11 02:00,77.33
2026-05-11 03:00,77.59
2026-05-11 04:00,77.19
2026-05-11 05:00,76.97
2026-05-11 06:00,76.85
2026-05-11 07:00,77.12
2026-05-11 08:00,77.28
2026-05-11 09:00,76.63
2026-05-11 10:00,76.74
2026-05-11 11:00,77.50
2026-05-11 12:00,77.98
2026-05-11 13:00,77.98
2026-05-11 14:00,78.07
2026-05-11 15:00,78.15
2026-05-11 16:00,78.38
2026-05-11 17:00,77.98
2026-05-11 18:00,78.07
2026-05-11 19:00,78.15
2026-05-11 20:00,78.38
2026-05-11 21:00,78.30
2026-05-11 23:00,78.29
2026-05-12 01:00,78.30
2026-05-12 02:00,78.59
2026-05-12 03:00,78.96
2026-05-12 04:00,78.90
2026-05-12 05:00,79.29
2026-05-12 06:00,79.37
2026-05-12 07:00,79.23
2026-05-12 08:00,79.24
2026-05-12 09:00,79.54
2026-05-12 10:00,79.56
2026-05-12 11:00,79.10
2026-05-12 12:00,79.19
2026-05-12 13:00,79.25
2026-05-12 14:00,79.64
2026-05-12 15:00,79.53
2026-05-12 16:00,79.36
2026-05-12 17:00,79.25
2026-05-12 18:00,79.20
2026-05-12 19:00,79.53
2026-05-12 20:00,78.78
2026-05-12 21:00,79.18
2026-05-12 22:00,79.22
2026-05-12 23:00,78.90
2026-05-13 00:00,78.77
2026-05-13 01:00,78.77
2026-05-13 02:00,78.73
2026-05-13 03:00,79.01
2026-05-13 04:00,79.17
2026-05-13 05:00,79.03
2026-05-13 06:00,78.95
2026-05-13 07:00,78.73
2026-05-13 08:00,78.74
2026-05-13 09:00,78.42
2026-05-13 10:00,78.54
2026-05-13 11:00,77.90
2026-05-13 12:00,77.87
2026-05-13 13:00,78.19
2026-05-13 14:00,77.96
2026-05-13 15:00,77.90
2026-05-13 16:00,77.82
2026-05-13 17:00,78.19
2026-05-13 18:00,77.87
2026-05-13 20:00,77.82
2026-05-13 22:00,78.01
2026-05-13 23:00,78.22
2026-05-14 01:00,78.20
2026-05-14 02:00,77.39
2026-05-14 03:00,77.72
2026-05-14 05:00,77.94
2026-05-14 06:00,77.39
2026-05-14 07:00,77.72
2026-05-14 08:00,77.05
2026-05-14 09:00,77.29
2026-05-14 10:00,77.73
2026-05-14 11:00,77.16
2026-05-14 12:00,77.42
2026-05-14 13:00,77.84
2026-05-14 14:00,77.68
2026-05-14 15:00,77.84
2026-05-14 16:00,78.05
2026-05-14 17:00,77.84
2026-05-14 18:00,77.68
2026-05-14 19:00,77.84
2026-05-14 20:00,78.05
2026-05-14 21:00,78.27
2026-05-14 22:00,78.30
2026-05-15 00:00,78.18
2026-05-15 01:00,78.60
2026-05-15 02:00,78.55
2026-05-15 03:00,78.28
2026-05-15 04:00,78.91
2026-05-15 05:00,79.14
2026-05-15 06:00,78.38
2026-05-15 07:00,78.85
2026-05-15 08:00,78.93
2026-05-15 09:00,78.97
2026-05-15 10:00,78.92
2026-05-15 11:00,78.89
2026-05-15 12:00,78.91
2026-05-15 13:00,78.84
2026-05-15 14:00,79.04
2026-05-15 15:00,78.94
2026-05-15 16:00,79.02
2026-05-15 17:00,78.84
2026-05-15 18:00,79.04
2026-05-15 19:00,78.94
2026-05-15 20:00,79.02
2026-05-17 19:00,79.43
2026-05-17 21:00,80.01
2026-05-17 22:00,80.00
2026-05-17 23:00,80.03
2026-05-18 00:00,80.08
2026-05-18 01:00,79.89
2026-05-18 02:00,79.79
2026-05-18 03:00,79.60
2026-05-18 04:00,79.71
2026-05-18 05:00,79.86
2026-05-18 06:00,80.06
2026-05-18 07:00,79.30
2026-05-18 08:00,78.78
2026-05-18 09:00,78.87
2026-05-18 10:00,79.45
2026-05-18 11:00,79.69
2026-05-18 12:00,79.77
2026-05-18 13:00,79.98
2026-05-18 14:00,80.21
2026-05-18 15:00,78.97
2026-05-18 16:00,78.99
2026-05-18 17:00,78.99
2026-05-18 18:00,80.21
2026-05-18 19:00,78.97
2026-05-18 20:00,78.99
2026-05-18 21:00,79.25
2026-05-18 22:00,79.29
2026-05-18 23:00,79.11
2026-05-19 01:00,79.28
2026-05-19 02:00,79.31
2026-05-19 03:00,79.27
2026-05-19 04:00,79.55
2026-05-19 05:00,79.45
2026-05-19 06:00,79.31
2026-05-19 07:00,79.27
2026-05-19 08:00,79.78
2026-05-19 09:00,79.79
2026-05-19 10:00,79.65
2026-05-19 11:00,79.63
2026-05-19 12:00,79.64
2026-05-19 13:00,79.13
2026-05-19 14:00,79.86
2026-05-19 15:00,79.61
2026-05-19 16:00,79.50
2026-05-19 17:00,79.13
2026-05-19 18:00,79.86
2026-05-19 19:00,79.46
2026-05-19 20:00,79.50
2026-05-19 21:00,79.34
2026-05-19 22:00,79.67
2026-05-19 23:00,79.46
2026-05-20 00:00,79.59
2026-05-20 01:00,79.34
2026-05-20 02:00,79.23
2026-05-20 03:00,79.16
2026-05-20 04:00,78.80
2026-05-20 06:00,78.51
2026-05-20 07:00,79.15
2026-05-20 08:00,78.66
2026-05-20 09:00,79.19
2026-05-20 10:00,78.12
2026-05-20 11:00,77.49
2026-05-20 12:00,77.17
2026-05-20 13:00,77.06
2026-05-20 14:00,77.21
2026-05-20 15:00,77.37
2026-05-20 16:00,77.59
2026-05-20 17:00,77.06
2026-05-20 18:00,77.21
2026-05-20 19:00,77.37
2026-05-20 20:00,77.59
2026-05-20 21:00,77.46
2026-05-20 22:00,77.68
2026-05-21 01:00,78.22
2026-05-21 02:00,78.03
2026-05-21 03:00,78.31
2026-05-21 04:00,77.83
2026-05-21 05:00,77.85
2026-05-21 06:00,79.07
2026-05-21 07:00,79.00
2026-05-21 08:00,78.96
2026-05-21 09:00,79.09
2026-05-21 10:00,79.09
2026-05-21 11:00,79.02
2026-05-21 12:00,78.84
2026-05-21 13:00,76.82
2026-05-21 14:00,77.84
2026-05-21 15:00,77.48
2026-05-21 16:00,77.56
2026-05-21 17:00,76.82
2026-05-21 18:00,77.84
2026-05-21 19:00,77.48
2026-05-21 20:00,77.56
2026-05-21 21:00,77.78
2026-05-21 22:00,77.29
2026-05-22 00:00,77.26
2026-05-22 01:00,77.73
2026-05-22 02:00,77.73
2026-05-22 03:00,78.08
2026-05-22 04:00,78.51
2026-05-22 05:00,78.37
2026-05-22 06:00,78.62
2026-05-22 07:00,77.99
2026-05-22 08:00,77.28
2026-05-22 09:00,78.07
2026-05-22 10:00,77.88
2026-05-22 11:00,77.54
2026-05-22 12:00,77.72
2026-05-22 13:00,76.49
2026-05-22 14:00,76.96
2026-05-22 15:00,77.20
2026-05-22 16:00,77.09
2026-05-22 17:00,76.49
2026-05-22 18:00,76.96
2026-05-22 19:00,77.20
2026-05-22 20:00,77.23
2026-05-26 00:00,75.76
2026-05-26 01:00,75.72
2026-05-26 02:00,75.71
2026-05-26 03:00,76.22
2026-05-26 04:00,76.63
2026-05-26 05:00,76.18
2026-05-26 06:00,75.90
2026-05-26 07:00,76.25
2026-05-26 08:00,76.12
2026-05-26 09:00,76.77
2026-05-26 10:00,76.50
2026-05-26 11:00,76.50
2026-05-26 12:00,76.44
2026-05-26 13:00,76.44
2026-05-26 14:00,76.12
2026-05-26 15:00,75.99
2026-05-26 16:00,75.87
2026-05-26 20:00,75.69
2026-05-26 21:00,75.63
2026-05-26 22:00,75.41
2026-05-26 23:00,75.23
2026-05-27 00:00,75.15
2026-05-27 01:00,75.33
2026-05-27 02:00,75.03
2026-05-27 03:00,74.73
2026-05-27 04:00,74.51
2026-05-27 05:00,74.79
2026-05-27 06:00,75.07
2026-05-27 07:00,75.36
2026-05-27 08:00,74.45
2026-05-27 09:00,75.21
2026-05-27 10:00,75.59
2026-05-27 11:00,75.49
2026-05-27 12:00,75.26
2026-05-27 13:00,75.00
2026-05-27 14:00,75.08
2026-05-27 15:00,75.31
2026-05-27 16:00,75.26
2026-05-27 18:00,75.15
2026-05-27 19:00,75.56
2026-05-27 20:00,75.70
2026-05-27 21:00,75.38
2026-05-27 22:00,75.74
2026-05-27 23:00,76.02
2026-05-28 00:00,76.36
2026-05-28 01:00,75.81
2026-05-28 02:00,75.71
2026-05-28 03:00,76.00
2026-05-28 04:00,75.95
2026-05-28 05:00,75.80
2026-05-28 06:00,76.41
2026-05-28 07:00,76.16
2026-05-28 08:00,75.83
2026-05-28 09:00,76.33
2026-05-28 10:00,75.90
2026-05-28 11:00,76.59
2026-05-28 12:00,75.89
2026-05-28 13:00,76.31
2026-05-28 14:00,76.46
2026-05-28 15:00,76.32
2026-05-28 16:00,76.05
2026-05-28 20:00,75.65
2026-05-28 21:00,75.77
2026-05-28 22:00,75.86
2026-05-28 23:00,75.84
2026-05-29 00:00,75.86
2026-05-29 01:00,75.91
2026-05-29 02:00,75.84
2026-05-29 03:00,76.14
2026-05-29 04:00,76.19
2026-05-29 05:00,75.56
2026-05-29 06:00,75.53
2026-05-29 07:00,76.03
2026-05-29 08:00,75.98
2026-05-29 09:00,75.76
2026-05-29 10:00,75.63
2026-05-29 11:00,75.34
2026-05-29 12:00,75.40
2026-05-29 13:00,75.25
2026-05-29 14:00,75.58
2026-05-29 15:00,75.68
2026-05-29 16:00,75.39
2026-05-31 20:00,76.40
2026-05-31 21:00,76.63
2026-05-31 22:00,76.77
2026-05-31 23:00,76.65
2026-06-01 00:00,76.43
2026-06-01 01:00,76.45
2026-06-01 02:00,76.85
2026-06-01 03:00,76.72
2026-06-01 04:00,76.86
2026-06-01 05:00,76.62
2026-06-01 06:00,76.64
2026-06-01 07:00,76.66
2026-06-01 08:00,76.22
2026-06-01 09:00,77.48
2026-06-01 10:00,77.43
2026-06-01 11:00,77.57
2026-06-01 12:00,77.46
2026-06-01 13:00,76.44
2026-06-01 14:00,76.94
2026-06-01 15:00,76.91
2026-06-01 16:00,76.97
2026-06-01 19:00,76.84
2026-06-01 21:00,76.36
2026-06-01 22:00,76.42
2026-06-02 01:00,76.21
2026-06-02 02:00,76.51
2026-06-02 03:00,76.10
2026-06-02 04:00,75.98
2026-06-02 05:00,76.17
2026-06-02 06:00,76.42
2026-06-02 08:00,76.74
2026-06-02 09:00,76.96
2026-06-02 10:00,77.44
2026-06-02 11:00,77.28
2026-06-02 12:00,77.49
2026-06-02 13:00,77.37
2026-06-02 14:00,77.68
2026-06-02 15:00,77.89
2026-06-02 16:00,77.70
2026-06-02 19:00,78.20
2026-06-02 20:00,78.06
2026-06-02 21:00,78.15
2026-06-02 22:00,78.11
2026-06-02 23:00,78.08
2026-06-03 00:00,78.20
2026-06-03 01:00,78.40
2026-06-03 02:00,78.40
2026-06-03 03:00,78.57
2026-06-03 04:00,78.85
2026-06-03 05:00,78.76
2026-06-03 06:00,78.46
2026-06-03 07:00,78.50
2026-06-03 08:00,78.39
2026-06-03 09:00,78.37
2026-06-03 10:00,78.53
2026-06-03 11:00,78.70
2026-06-03 12:00,78.60
2026-06-03 13:00,78.73
2026-06-03 14:00,78.71
2026-06-03 15:00,78.63
2026-06-03 16:00,78.53
2026-06-03 20:00,78.30
2026-06-03 21:00,78.13
2026-06-04 02:00,78.46
2026-06-04 03:00,78.33
2026-06-04 04:00,78.38
2026-06-04 05:00,77.92
2026-06-04 06:00,78.18
2026-06-04 07:00,76.87
2026-06-04 08:00,77.02
2026-06-04 09:00,77.06
2026-06-04 10:00,77.25
2026-06-04 11:00,76.89
2026-06-04 12:00,77.00
2026-06-04 13:00,76.94
2026-06-04 14:00,77.22
2026-06-04 15:00,77.29
2026-06-04 16:00,77.22
2026-06-04 19:00,77.31
2026-06-04 21:00,77.19
2026-06-04 22:00,77.54
2026-06-04 23:00,77.32
2026-06-05 02:00,77.18
2026-06-05 03:00,77.15
2026-06-05 04:00,77.09
2026-06-05 05:00,77.00
2026-06-05 06:00,76.82
2026-06-05 07:00,76.83
2026-06-05 08:00,76.81
2026-06-05 09:00,76.45
2026-06-05 10:00,76.41
2026-06-05 11:00,76.11
2026-06-05 12:00,76.04
2026-06-05 13:00,76.19
2026-06-05 14:00,76.43
2026-06-05 15:00,76.39
2026-06-05 16:00,76.44
2026-06-07 18:00,77.61
2026-06-07 19:00,77.55
2026-06-07 21:00,77.84
2026-06-07 22:00,78.00
2026-06-07 23:00,78.14
2026-06-08 00:00,78.61
2026-06-08 01:00,78.83
2026-06-08 02:00,79.04
2026-06-08 03:00,78.99
2026-06-08 04:00,78.96
2026-06-08 05:00,78.70
2026-06-08 06:00,78.43
2026-06-08 07:00,77.16
2026-06-08 08:00,77.64
2026-06-08 09:00,77.41
2026-06-08 10:00,77.72
2026-06-08 11:00,77.95
2026-06-08 12:00,78.00
2026-06-08 13:00,78.32
2026-06-08 14:00,78.27
2026-06-08 15:00,78.17
2026-06-08 16:00,78.20
2026-06-08 21:00,77.90
2026-06-08 22:00,78.15
2026-06-08 23:00,77.77
2026-06-09 00:00,77.77
2026-06-09 02:00,77.81
2026-06-09 03:00,77.71
2026-06-09 04:00,77.33
2026-06-09 05:00,77.23
2026-06-09 06:00,77.00
2026-06-09 07:00,77.50
2026-06-09 08:00,77.43
2026-06-09 09:00,76.74
2026-06-09 10:00,76.59
2026-06-09 11:00,76.23
2026-06-09 12:00,77.06
2026-06-09 13:00,77.37
2026-06-09 14:00,77.14
2026-06-09 15:00,77.22
2026-06-09 16:00,77.25
2026-06-09 18:00,77.50
2026-06-09 20:00,77.86
2026-06-09 21:00,77.23
2026-06-10 00:00,77.43
2026-06-10 01:00,77.23
2026-06-10 02:00,77.23
2026-06-10 03:00,77.20
2026-06-10 04:00,76.99
2026-06-10 05:00,76.88
2026-06-10 06:00,76.85
2026-06-10 07:00,77.95
2026-06-10 08:00,77.66
2026-06-10 09:00,78.11
2026-06-10 10:00,78.45
2026-06-10 11:00,78.59
2026-06-10 12:00,78.80
2026-06-10 13:00,78.90
2026-06-10 14:00,78.46
2026-06-10 15:00,78.48
2026-06-10 16:00,79.16
2026-06-10 18:00,79.71
2026-06-10 19:00,79.23
2026-06-10 20:00,79.21
2026-06-10 21:00,78.63
2026-06-10 22:00,78.74
2026-06-11 00:00,78.39
2026-06-11 01:00,78.11
2026-06-11 02:00,78.15
2026-06-11 03:00,77.75
2026-06-11 04:00,77.59
2026-06-11 05:00,77.91
2026-06-11 06:00,77.75
2026-06-11 07:00,77.65
2026-06-11 08:00,78.39
2026-06-11 09:00,78.10
2026-06-11 10:00,78.43
2026-06-11 11:00,78.96
2026-06-11 12:00,79.24
2026-06-11 13:00,77.13
2026-06-11 14:00,77.80
2026-06-11 15:00,76.87
2026-06-11 16:00,76.69
2026-06-11 18:00,76.27
2026-06-11 20:00,76.64
2026-06-11 21:00,76.78
2026-06-11 22:00,76.77
2026-06-11 23:00,76.69
2026-06-12 00:00,76.55
2026-06-12 01:00,76.34
2026-06-12 02:00,76.24
2026-06-12 03:00,75.52
2026-06-12 04:00,74.72
2026-06-12 05:00,74.60
2026-06-12 06:00,75.35
2026-06-12 07:00,75.64
2026-06-12 08:00,75.92
2026-06-12 09:00,76.63
2026-06-12 10:00,75.34
2026-06-12 11:00,74.96
2026-06-12 12:00,74.97
2026-06-12 13:00,74.91
2026-06-12 14:00,74.78
2026-06-12 15:00,74.81
2026-06-12 16:00,74.97
2026-06-14 18:00,73.01
2026-06-14 19:00,72.97
2026-06-14 20:00,73.05
2026-06-14 21:00,73.17
2026-06-14 22:00,72.93
2026-06-14 23:00,72.63
2026-06-15 00:00,72.81
2026-06-15 01:00,73.00
2026-06-15 02:00,73.04
2026-06-15 03:00,72.70
2026-06-15 04:00,72.75
2026-06-15 05:00,73.10
2026-06-15 06:00,73.17
2026-06-15 07:00,73.24
2026-06-15 08:00,73.03
2026-06-15 09:00,72.96
2026-06-15 10:00,72.84
2026-06-15 11:00,72.54
2026-06-15 12:00,72.54
2026-06-15 13:00,72.68
2026-06-15 14:00,72.88
2026-06-15 15:00,73.14
2026-06-15 16:00,72.99
2026-06-15 19:00,73.09
2026-06-15 21:00,72.97
2026-06-15 22:00,72.80
2026-06-15 23:00,72.79
2026-06-16 01:00,72.78
2026-06-16 02:00,72.78
2026-06-16 03:00,72.32
2026-06-16 04:00,71.84
2026-06-16 05:00,72.11
2026-06-16 06:00,72.10
2026-06-16 07:00,71.99
2026-06-16 08:00,71.53
2026-06-16 09:00,72.12
2026-06-16 10:00,71.63
2026-06-16 11:00,70.97
2026-06-16 12:00,70.93
2026-06-16 13:00,71.01
2026-06-16 14:00,71.05
2026-06-16 15:00,71.47
2026-06-16 16:00,71.15
2026-06-16 18:00,71.32
2026-06-16 21:00,71.24
2026-06-16 22:00,71.02
2026-06-16 23:00,71.00
2026-06-17 01:00,71.30
2026-06-17 02:00,71.04
2026-06-17 03:00,71.04
2026-06-17 04:00,71.20
2026-06-17 05:00,71.23
2026-06-17 06:00,71.20
2026-06-17 07:00,71.53
2026-06-17 08:00,71.27
2026-06-17 09:00,71.62
2026-06-17 10:00,71.23
2026-06-17 11:00,70.70
2026-06-17 12:00,70.78
2026-06-17 13:00,70.58
2026-06-17 14:00,70.80
2026-06-17 15:00,70.65
2026-06-17 16:00,70.44
2026-06-17 19:00,70.44
2026-06-17 21:00,70.22
2026-06-17 22:00,70.30
2026-06-17 23:00,70.05
2026-06-18 00:00,69.97
2026-06-18 01:00,69.88
2026-06-18 02:00,69.89
2026-06-18 03:00,69.87
2026-06-18 04:00,69.73
2026-06-18 05:00,69.76
2026-06-18 06:00,70.32
2026-06-18 07:00,70.14
2026-06-18 08:00,70.02
2026-06-18 09:00,69.10
2026-06-18 10:00,69.17
2026-06-18 11:00,69.50
2026-06-18 12:00,69.61
2026-06-18 13:00,69.65
2026-06-18 14:00,70.41
2026-06-18 15:00,70.39
2026-06-18 16:00,70.43
2026-06-18 21:00,70.53
2026-06-21 18:00,71.05
2026-06-21 20:00,71.05
2026-06-21 21:00,71.05
2026-06-21 23:00,71.05
2026-06-22 00:00,71.05
2026-06-22 02:00,71.05
2026-06-22 03:00,70.67
2026-06-22 04:00,71.05
2026-06-22 05:00,71.05
2026-06-22 06:00,71.05
2026-06-22 07:00,71.05
2026-06-22 08:00,71.05
2026-06-22 09:00,69.53
2026-06-22 10:00,69.60
2026-06-22 11:00,69.25
2026-06-22 12:00,69.64
2026-06-22 13:00,71.05
2026-06-22 14:00,71.05
2026-06-22 15:00,69.75
2026-06-22 16:00,71.05
2026-06-22 20:00,69.71
2026-06-22 21:00,69.60
2026-06-22 22:00,69.50
2026-06-22 23:00,69.45
2026-06-23 01:00,69.15
2026-06-23 02:00,68.98
2026-06-23 03:00,69.19
2026-06-23 04:00,69.53
2026-06-23 05:00,69.35
2026-06-23 06:00,69.69
2026-06-23 07:00,69.53
2026-06-23 08:00,69.45
2026-06-23 09:00,69.20
2026-06-23 10:00,69.39
2026-06-23 11:00,69.22
2026-06-23 12:00,69.27
2026-06-23 13:00,69.39
2026-06-23 14:00,69.46
2026-06-23 15:00,69.46
2026-06-23 16:00,69.46
2026-06-23 19:00,69.19
2026-06-23 20:00,69.14
2026-06-23 21:00,68.94
2026-06-23 22:00,68.79
2026-06-23 23:00,68.85
2026-06-24 02:00,68.95
2026-06-24 03:00,68.75
2026-06-24 04:00,68.61
2026-06-24 05:00,68.74
2026-06-24 06:00,68.52
2026-06-24 07:00,68.11
2026-06-24 08:00,67.97
2026-06-24 09:00,67.21
2026-06-24 10:00,67.27
2026-06-24 11:00,67.44
2026-06-24 12:00,67.57
2026-06-24 13:00,67.46
2026-06-24 14:00,67.22
2026-06-24 15:00,67.34
2026-06-24 16:00,67.21
2026-06-24 19:00,67.27
2026-06-24 20:00,67.37
2026-06-24 21:00,66.85
2026-06-24 22:00,66.91
2026-06-24 23:00,66.75
2026-06-25 00:00,66.92
2026-06-25 01:00,66.70
2026-06-25 02:00,66.88
2026-06-25 03:00,67.13
2026-06-25 04:00,66.67
2026-06-25 05:00,66.83
2026-06-25 06:00,66.87
2026-06-25 07:00,67.20
2026-06-25 08:00,67.17
2026-06-25 09:00,67.61
2026-06-25 10:00,67.79
2026-06-25 11:00,68.26
2026-06-25 12:00,68.13
2026-06-25 13:00,68.21
2026-06-25 14:00,68.83
2026-06-25 15:00,68.75
2026-06-25 16:00,68.39
2026-06-25 20:00,68.46
2026-06-25 21:00,68.29
2026-06-25 22:00,68.00
2026-06-25 23:00,67.85
2026-06-26 00:00,67.68
2026-06-26 01:00,67.85
2026-06-26 02:00,67.79
2026-06-26 03:00,67.14
2026-06-26 04:00,66.80
2026-06-26 05:00,66.66
2026-06-26 06:00,66.55
2026-06-26 07:00,67.40
2026-06-26 08:00,66.84
2026-06-26 09:00,66.84
2026-06-26 10:00,66.78
2026-06-26 11:00,66.81
2026-06-26 12:00,66.93
2026-06-26 13:00,66.88
2026-06-26 14:00,66.85
2026-06-26 15:00,67.15
2026-06-26 16:00,66.95
2026-06-28 18:00,67.57
2026-06-28 21:00,67.42
2026-06-28 22:00,67.38
2026-06-28 23:00,67.40
2026-06-29 01:00,67.11
2026-06-29 02:00,67.64
2026-06-29 03:00,67.44
2026-06-29 04:00,67.56
2026-06-29 05:00,67.74
2026-06-29 06:00,67.43
2026-06-29 07:00,67.34
2026-06-29 08:00,67.59
2026-06-29 09:00,67.73
2026-06-29 10:00,67.83
2026-06-29 11:00,67.80
2026-06-29 12:00,68.00
2026-06-29 13:00,68.05
2026-06-29 14:00,67.76
2026-06-29 15:00,67.77
2026-06-29 16:00,67.73
2026-06-29 19:00,67.65
2026-06-29 20:00,67.64
2026-06-29 21:00,67.57
2026-06-29 22:00,67.87
2026-06-29 23:00,67.64
2026-06-30 00:00,67.62
2026-06-30 01:00,67.64
2026-06-30 02:00,67.50
2026-06-30 03:00,67.73
2026-06-30 04:00,67.90
2026-06-30 05:00,68.14
2026-06-30 06:00,67.95
2026-06-30 07:00,68.09
2026-06-30 08:00,68.11
2026-06-30 09:00,68.33
2026-06-30 10:00,68.01
2026-06-30 11:00,67.57
2026-06-30 12:00,67.58
2026-06-30 13:00,67.58
2026-06-30 14:00,67.67
2026-06-30 15:00,67.76
2026-06-30 16:00,67.72
2026-06-30 19:00,67.79
2026-06-30 21:00,67.55
2026-06-30 22:00,67.65
2026-07-01 01:00,67.67
2026-07-01 02:00,67.45
2026-07-01 03:00,67.36
2026-07-01 04:00,67.00
2026-07-01 05:00,66.92
2026-07-01 06:00,67.35
2026-07-01 07:00,67.36
2026-07-01 08:00,67.37
2026-07-01 09:00,67.70
2026-07-01 10:00,67.10
2026-07-01 11:00,66.92
2026-07-01 12:00,67.10
2026-07-01 13:00,67.17
2026-07-01 14:00,67.36
2026-07-01 15:00,67.17
2026-07-01 16:00,67.22
2026-07-01 18:00,67.22
2026-07-01 19:00,67.10
2026-07-01 20:00,66.89
2026-07-01 21:00,66.87
2026-07-01 22:00,67.02
2026-07-02 01:00,67.02
2026-07-02 02:00,66.77
2026-07-02 03:00,67.07
2026-07-02 04:00,67.06
2026-07-02 05:00,66.79
2026-07-02 06:00,66.80
2026-07-02 07:00,66.69
2026-07-02 08:00,66.86
2026-07-02 09:00,67.09
2026-07-02 10:00,67.05
2026-07-02 11:00,66.86
2026-07-02 12:00,67.09
2026-07-02 13:00,67.39
2026-07-02 14:00,67.67
2026-07-02 15:00,67.65
2026-07-02 16:00,67.62
2026-07-02 20:00,67.69
2026-07-02 21:00,67.97
2026-07-02 22:00,68.14
2026-07-02 23:00,68.12
2026-07-05 20:00,67.51
2026-07-05 21:00,67.79
2026-07-05 22:00,67.51
2026-07-05 23:00,67.51
2026-07-06 01:00,67.51
2026-07-06 02:00,67.51
2026-07-06 03:00,67.51
2026-07-06 04:00,67.51
2026-07-06 05:00,67.51
2026-07-06 06:00,67.51
2026-07-06 07:00,67.51
2026-07-06 08:00,67.51
2026-07-06 09:00,67.75
2026-07-06 10:00,67.51
2026-07-06 11:00,67.70
2026-07-06 12:00,67.67
2026-07-06 13:00,67.86
2026-07-06 14:00,68.06
2026-07-06 15:00,67.51
2026-07-06 16:00,67.51
2026-07-06 18:00,68.16
2026-07-06 19:00,68.22
2026-07-06 20:00,68.23
2026-07-06 21:00,68.16
2026-07-06 22:00,68.45
2026-07-06 23:00,68.19
2026-07-07 01:00,68.53
2026-07-07 02:00,68.44
2026-07-07 03:00,68.46
2026-07-07 04:00,68.35
2026-07-07 05:00,68.25
2026-07-07 06:00,68.10
2026-07-07 07:00,68.02
2026-07-07 08:00,68.06
2026-07-07 09:00,68.62
2026-07-07 10:00,68.70
2026-07-07 11:00,68.88
2026-07-07 12:00,68.85
2026-07-07 13:00,68.83
2026-07-07 14:00,69.65
2026-07-07 15:00,69.66
2026-07-07 16:00,69.76
2026-07-07 19:00,69.81
2026-07-07 20:00,69.58
2026-07-07 21:00,69.75
2026-07-07 22:00,69.88
2026-07-07 23:00,69.80
2026-07-08 01:00,70.02
2026-07-08 02:00,69.92
2026-07-08 03:00,69.60
2026-07-08 04:00,70.63
2026-07-08 05:00,70.65
2026-07-08 06:00,70.35
2026-07-08 07:00,70.31
2026-07-08 08:00,70.13
2026-07-08 09:00,70.44
2026-07-08 10:00,71.49
2026-07-08 11:00,71.50
2026-07-08 12:00,70.98
2026-07-08 13:00,70.68
2026-07-08 14:00,70.77
2026-07-08 15:00,71.07
2026-07-08 16:00,71.20
2026-07-08 18:00,71.10
2026-07-08 19:00,71.08
2026-07-08 20:00,70.95
2026-07-08 21:00,70.97
2026-07-08 22:00,71.15
2026-07-08 23:00,70.98
2026-07-09 00:00,71.03
2026-07-09 01:00,70.12
2026-07-09 02:00,70.29
2026-07-09 03:00,69.96
2026-07-09 04:00,69.92
2026-07-09 05:00,70.29
2026-07-09 06:00,70.94
2026-07-09 07:00,70.83
2026-07-09 08:00,70.62
2026-07-09 09:00,70.09
2026-07-09 10:00,69.85
2026-07-09 11:00,69.74
2026-07-09 12:00,69.68
2026-07-09 13:00,69.59
2026-07-09 14:00,69.48
2026-07-09 15:00,69.65
2026-07-09 16:00,69.55
2026-07-09 18:00,69.35
2026-07-09 19:00,69.56
2026-07-09 21:00,69.86
2026-07-09 22:00,69.88
2026-07-09 23:00,69.84
2026-07-10 00:00,70.02
2026-07-10 01:00,69.93
2026-07-10 02:00,69.67
2026-07-10 03:00,69.40
2026-07-10 04:00,69.55
2026-07-10 05:00,69.68
2026-07-10 06:00,69.73
2026-07-10 07:00,70.12
2026-07-10 08:00,69.61
2026-07-10 09:00,69.26
2026-07-10 10:00,69.49
2026-07-10 11:00,69.10
